filename,file_size,file_attributes,region_count,region_id,region_shape_attributes,region_attributes
0.jpg,103135,"{}",3,0,"{""name"":""rect"",""x"":167,""y"":183,""width"":84,""height"":36}","{""body_part"":""neck"",""gender"":""male"",""body_type"":""thin""}"
0.jpg,103135,"{}",3,1,"{""name"":""rect"",""x"":178,""y"":406,""width"":188,""height"":81}","{""body_part"":""stomach"",""gender"":""male"",""body_type"":""thin""}"
0.jpg,103135,"{}",3,2,"{""name"":""rect"",""x"":151,""y"":508,""width"":238,""height"":70}","{""body_part"":""hip"",""gender"":""male"",""body_type"":""thin""}"
1.jpg,90319,"{}",3,0,"{""name"":""rect"",""x"":163,""y"":458,""width"":170,""height"":97}","{""body_part"":""stomach"",""gender"":""male"",""body_type"":""thin""}"
1.jpg,90319,"{}",3,1,"{""name"":""rect"",""x"":197,""y"":207,""width"":102,""height"":46}","{""body_part"":""neck"",""gender"":""male"",""body_type"":""thin""}"
1.jpg,90319,"{}",3,2,"{""name"":""rect"",""x"":123,""y"":585,""width"":239,""height"":45}","{""body_part"":""hip"",""gender"":""male"",""body_type"":""thin""}"
2.jpg,64198,"{}",1,0,"{""name"":""rect"",""x"":98,""y"":318,""width"":102,""height"":41}","{""body_part"":""neck"",""gender"":""male"",""body_type"":""thin""}"
3.jpg,73761,"{}",3,0,"{""name"":""rect"",""x"":382,""y"":166,""width"":56,""height"":18}","{""body_part"":""neck"",""gender"":""male"",""body_type"":""thin""}"
3.jpg,73761,"{}",3,1,"{""name"":""rect"",""x"":343,""y"":310,""width"":127,""height"":41}","{""body_part"":""stomach"",""gender"":""male"",""body_type"":""thin""}"
3.jpg,73761,"{}",3,2,"{""name"":""rect"",""x"":327,""y"":384,""width"":152,""height"":45}","{""body_part"":""hip"",""gender"":""male"",""body_type"":""thin""}"
4.jpg,89154,"{}",2,0,"{""name"":""rect"",""x"":173,""y"":213,""width"":142,""height"":58}","{""body_part"":""neck"",""gender"":""male"",""body_type"":""fat""}"
4.jpg,89154,"{}",2,1,"{""name"":""rect"",""x"":38,""y"":583,""width"":279,""height"":52}","{""body_part"":""stomach"",""gender"":""male"",""body_type"":""fat""}"
5.jpg,75417,"{}",2,0,"{""name"":""rect"",""x"":228,""y"":97,""width"":132,""height"":57}","{""body_part"":""neck"",""gender"":""male"",""body_type"":""thin""}"
5.jpg,75417,"{}",2,1,"{""name"":""rect"",""x"":147,""y"":358,""width"":230,""height"":70}","{""body_part"":""stomach"",""gender"":""male"",""body_type"":""thin""}"
6.jpg,86348,"{}",3,0,"{""name"":""rect"",""x"":189,""y"":146,""width"":42,""height"":17}","{""body_part"":""neck"",""gender"":""male"",""body_type"":""thin""}"
6.jpg,86348,"{}",3,1,"{""name"":""rect"",""x"":178,""y"":246,""width"":81,""height"":29}","{""body_part"":""stomach"",""gender"":""male"",""body_type"":""thin""}"
6.jpg,86348,"{}",3,2,"{""name"":""rect"",""x"":163,""y"":291,""width"":108,""height"":32}","{""body_part"":""hip"",""gender"":""male"",""body_type"":""thin""}"
7.jpg,90882,"{}",3,0,"{""name"":""rect"",""x"":176,""y"":168,""width"":65,""height"":28}","{""body_part"":""neck"",""gender"":""male"",""body_type"":""thin""}"
7.jpg,90882,"{}",3,1,"{""name"":""rect"",""x"":169,""y"":374,""width"":135,""height"":48}","{""body_part"":""stomach"",""gender"":""male"",""body_type"":""thin""}"
7.jpg,90882,"{}",3,2,"{""name"":""rect"",""x"":146,""y"":438,""width"":177,""height"":37}","{""body_part"":""hip"",""gender"":""male"",""body_type"":""thin""}"
8.jpg,147770,"{}",3,0,"{""name"":""rect"",""x"":317,""y"":100,""width"":53,""height"":26}","{""body_part"":""neck"",""gender"":""male"",""body_type"":""thin""}"
8.jpg,147770,"{}",3,1,"{""name"":""rect"",""x"":284,""y"":235,""width"":103,""height"":37}","{""body_part"":""stomach"",""gender"":""male"",""body_type"":""thin""}"
8.jpg,147770,"{}",3,2,"{""name"":""rect"",""x"":275,""y"":299,""width"":130,""height"":34}","{""body_part"":""hip"",""gender"":""male"",""body_type"":""thin""}"
9.jpg,94437,"{}",2,0,"{""name"":""rect"",""x"":241,""y"":277,""width"":92,""height"":37}","{""body_part"":""neck"",""gender"":""male"",""body_type"":""thin""}"
9.jpg,94437,"{}",2,1,"{""name"":""rect"",""x"":253,""y"":492,""width"":172,""height"":53}","{""body_part"":""stomach"",""gender"":""male"",""body_type"":""thin""}"
10.jpg,94249,"{}",3,0,"{""name"":""rect"",""x"":251,""y"":144,""width"":68,""height"":38}","{""body_part"":""neck"",""gender"":""female"",""body_type"":""thin""}"
10.jpg,94249,"{}",3,1,"{""name"":""rect"",""x"":215,""y"":318,""width"":114,""height"":50}","{""body_part"":""stomach"",""gender"":""female"",""body_type"":""thin""}"
10.jpg,94249,"{}",3,2,"{""name"":""rect"",""x"":198,""y"":379,""width"":151,""height"":38}","{""body_part"":""hip"",""gender"":""female"",""body_type"":""thin""}"
11.jpg,58073,"{}",3,0,"{""name"":""rect"",""x"":190,""y"":150,""width"":65,""height"":37}","{""body_part"":""neck"",""gender"":""female"",""body_type"":""thin""}"
11.jpg,58073,"{}",3,1,"{""name"":""rect"",""x"":162,""y"":383,""width"":140,""height"":36}","{""body_part"":""stomach"",""gender"":""female"",""body_type"":""thin""}"
11.jpg,58073,"{}",3,2,"{""name"":""rect"",""x"":147,""y"":428,""width"":181,""height"":49}","{""body_part"":""hip"",""gender"":""female"",""body_type"":""thin""}"
12.jpg,83505,"{}",3,0,"{""name"":""rect"",""x"":207,""y"":172,""width"":84,""height"":50}","{""body_part"":""neck"",""gender"":""female"",""body_type"":""thin""}"
12.jpg,83505,"{}",3,1,"{""name"":""rect"",""x"":157,""y"":445,""width"":178,""height"":50}","{""body_part"":""stomach"",""gender"":""female"",""body_type"":""thin""}"
12.jpg,83505,"{}",3,2,"{""name"":""rect"",""x"":129,""y"":547,""width"":235,""height"":59}","{""body_part"":""hip"",""gender"":""female"",""body_type"":""thin""}"
13.jpg,104783,"{}",3,0,"{""name"":""rect"",""x"":278,""y"":121,""width"":61,""height"":32}","{""body_part"":""neck"",""gender"":""female"",""body_type"":""thin""}"
13.jpg,104783,"{}",3,1,"{""name"":""rect"",""x"":227,""y"":296,""width"":134,""height"":49}","{""body_part"":""stomach"",""gender"":""female"",""body_type"":""thin""}"
13.jpg,104783,"{}",3,2,"{""name"":""rect"",""x"":198,""y"":366,""width"":184,""height"":42}","{""body_part"":""hip"",""gender"":""female"",""body_type"":""thin""}"
14.jpg,104310,"{}",3,0,"{""name"":""rect"",""x"":208,""y"":146,""width"":56,""height"":23}","{""body_part"":""neck"",""gender"":""female"",""body_type"":""thin""}"
14.jpg,104310,"{}",3,1,"{""name"":""rect"",""x"":204,""y"":290,""width"":105,""height"":39}","{""body_part"":""stomach"",""gender"":""female"",""body_type"":""thin""}"
14.jpg,104310,"{}",3,2,"{""name"":""rect"",""x"":197,""y"":349,""width"":120,""height"":35}","{""body_part"":""hip"",""gender"":""female"",""body_type"":""thin""}"
15.jpg,60082,"{}",1,0,"{""name"":""rect"",""x"":244,""y"":400,""width"":164,""height"":55}","{""body_part"":""stomach"",""gender"":""female"",""body_type"":""thin""}"
16.jpg,80893,"{}",4,0,"{""name"":""rect"",""x"":397,""y"":188,""width"":57,""height"":22}","{""body_part"":""neck"",""gender"":""female"",""body_type"":""thin""}"
16.jpg,80893,"{}",4,1,"{""name"":""rect"",""x"":141,""y"":200,""width"":64,""height"":31}","{""body_part"":""neck"",""gender"":""female"",""body_type"":""thin""}"
16.jpg,80893,"{}",4,2,"{""name"":""rect"",""x"":136,""y"":340,""width"":88,""height"":30}","{""body_part"":""stomach"",""gender"":""female"",""body_type"":""thin""}"
16.jpg,80893,"{}",4,3,"{""name"":""rect"",""x"":372,""y"":335,""width"":102,""height"":37}","{""body_part"":""stomach"",""gender"":""female"",""body_type"":""thin""}"
17.jpg,87927,"{}",3,0,"{""name"":""rect"",""x"":269,""y"":156,""width"":81,""height"":38}","{""body_part"":""neck"",""gender"":""female"",""body_type"":""thin""}"
17.jpg,87927,"{}",3,1,"{""name"":""rect"",""x"":127,""y"":437,""width"":172,""height"":78}","{""body_part"":""stomach"",""gender"":""female"",""body_type"":""thin""}"
17.jpg,87927,"{}",3,2,"{""name"":""rect"",""x"":111,""y"":525,""width"":232,""height"":68}","{""body_part"":""hip"",""gender"":""female"",""body_type"":""thin""}"
18.jpg,71097,"{}",2,0,"{""name"":""rect"",""x"":292,""y"":118,""width"":40,""height"":25}","{""body_part"":""neck"",""gender"":""female"",""body_type"":""thin""}"
18.jpg,71097,"{}",2,1,"{""name"":""rect"",""x"":265,""y"":244,""width"":88,""height"":37}","{""body_part"":""stomach"",""gender"":""female"",""body_type"":""thin""}"
19.jpg,90261,"{}",3,0,"{""name"":""rect"",""x"":260,""y"":161,""width"":79,""height"":45}","{""body_part"":""neck"",""gender"":""female"",""body_type"":""thin""}"
19.jpg,90261,"{}",3,1,"{""name"":""rect"",""x"":192,""y"":412,""width"":198,""height"":83}","{""body_part"":""stomach"",""gender"":""female"",""body_type"":""thin""}"
19.jpg,90261,"{}",3,2,"{""name"":""rect"",""x"":170,""y"":536,""width"":233,""height"":55}","{""body_part"":""hip"",""gender"":""female"",""body_type"":""thin""}"
20.jpg,82458,"{}",3,0,"{""name"":""rect"",""x"":203,""y"":113,""width"":47,""height"":19}","{""body_part"":""neck"",""gender"":""female"",""body_type"":""thin""}"
20.jpg,82458,"{}",3,1,"{""name"":""rect"",""x"":177,""y"":239,""width"":102,""height"":42}","{""body_part"":""stomach"",""gender"":""female"",""body_type"":""thin""}"
20.jpg,82458,"{}",3,2,"{""name"":""rect"",""x"":166,""y"":297,""width"":118,""height"":47}","{""body_part"":""hip"",""gender"":""female"",""body_type"":""thin""}"
21.jpg,95164,"{}",3,0,"{""name"":""rect"",""x"":144,""y"":167,""width"":91,""height"":45}","{""body_part"":""neck"",""gender"":""female"",""body_type"":""thin""}"
21.jpg,95164,"{}",3,1,"{""name"":""rect"",""x"":97,""y"":423,""width"":198,""height"":72}","{""body_part"":""stomach"",""gender"":""female"",""body_type"":""thin""}"
21.jpg,95164,"{}",3,2,"{""name"":""rect"",""x"":68,""y"":539,""width"":269,""height"":70}","{""body_part"":""hip"",""gender"":""female"",""body_type"":""thin""}"
22.jpg,74502,"{}",2,0,"{""name"":""rect"",""x"":301,""y"":162,""width"":70,""height"":37}","{""body_part"":""neck"",""gender"":""female"",""body_type"":""thin""}"
22.jpg,74502,"{}",2,1,"{""name"":""rect"",""x"":268,""y"":381,""width"":163,""height"":66}","{""body_part"":""stomach"",""gender"":""female"",""body_type"":""thin""}"
23.jpg,72769,"{}",3,0,"{""name"":""rect"",""x"":286,""y"":139,""width"":23,""height"":16}","{""body_part"":""neck"",""gender"":""female"",""body_type"":""thin""}"
23.jpg,72769,"{}",3,1,"{""name"":""rect"",""x"":266,""y"":222,""width"":62,""height"":20}","{""body_part"":""stomach"",""gender"":""female"",""body_type"":""thin""}"
23.jpg,72769,"{}",3,2,"{""name"":""rect"",""x"":253,""y"":246,""width"":84,""height"":28}","{""body_part"":""hip"",""gender"":""female"",""body_type"":""thin""}"
24.jpg,79979,"{}",3,0,"{""name"":""rect"",""x"":157,""y"":167,""width"":73,""height"":38}","{""body_part"":""neck"",""gender"":""female"",""body_type"":""thin""}"
24.jpg,79979,"{}",3,1,"{""name"":""rect"",""x"":159,""y"":380,""width"":142,""height"":62}","{""body_part"":""stomach"",""gender"":""female"",""body_type"":""thin""}"
24.jpg,79979,"{}",3,2,"{""name"":""rect"",""x"":141,""y"":459,""width"":186,""height"":48}","{""body_part"":""hip"",""gender"":""female"",""body_type"":""thin""}"
25.jpg,90014,"{}",2,0,"{""name"":""rect"",""x"":205,""y"":188,""width"":102,""height"":81}","{""body_part"":""neck"",""gender"":""female"",""body_type"":""thin""}"
25.jpg,90014,"{}",2,1,"{""name"":""rect"",""x"":126,""y"":541,""width"":221,""height"":75}","{""body_part"":""stomach"",""gender"":""female"",""body_type"":""thin""}"
26.jpg,71126,"{}",3,0,"{""name"":""rect"",""x"":288,""y"":45,""width"":67,""height"":35}","{""body_part"":""neck"",""gender"":""female"",""body_type"":""thin""}"
26.jpg,71126,"{}",3,1,"{""name"":""rect"",""x"":259,""y"":223,""width"":137,""height"":48}","{""body_part"":""stomach"",""gender"":""female"",""body_type"":""thin""}"
26.jpg,71126,"{}",3,2,"{""name"":""rect"",""x"":244,""y"":295,""width"":174,""height"":48}","{""body_part"":""hip"",""gender"":""female"",""body_type"":""thin""}"
27.jpg,101498,"{}",3,0,"{""name"":""rect"",""x"":248,""y"":165,""width"":40,""height"":25}","{""body_part"":""neck"",""gender"":""female"",""body_type"":""thin""}"
27.jpg,101498,"{}",3,1,"{""name"":""rect"",""x"":217,""y"":286,""width"":71,""height"":23}","{""body_part"":""stomach"",""gender"":""female"",""body_type"":""thin""}"
27.jpg,101498,"{}",3,2,"{""name"":""rect"",""x"":202,""y"":317,""width"":97,""height"":21}","{""body_part"":""hip"",""gender"":""female"",""body_type"":""thin""}"
28.jpg,74325,"{}",1,0,"{""name"":""rect"",""x"":251,""y"":216,""width"":383,""height"":138}","{""body_part"":""stomach"",""gender"":""female"",""body_type"":""thin""}"
29.jpg,106909,"{}",6,0,"{""name"":""rect"",""x"":134,""y"":175,""width"":53,""height"":38}","{""body_part"":""neck"",""gender"":""female"",""body_type"":""thin""}"
29.jpg,106909,"{}",6,1,"{""name"":""rect"",""x"":57,""y"":342,""width"":141,""height"":47}","{""body_part"":""stomach"",""gender"":""female"",""body_type"":""normal""}"
29.jpg,106909,"{}",6,2,"{""name"":""rect"",""x"":294,""y"":160,""width"":58,""height"":30}","{""body_part"":""neck"",""gender"":""female"",""body_type"":""normal""}"
29.jpg,106909,"{}",6,3,"{""name"":""rect"",""x"":253,""y"":350,""width"":154,""height"":52}","{""body_part"":""stomach"",""gender"":""female"",""body_type"":""normal""}"
29.jpg,106909,"{}",6,4,"{""name"":""rect"",""x"":474,""y"":167,""width"":67,""height"":27}","{""body_part"":""neck"",""gender"":""female"",""body_type"":""normal""}"
29.jpg,106909,"{}",6,5,"{""name"":""rect"",""x"":437,""y"":353,""width"":82,""height"":53}","{""body_part"":""stomach"",""gender"":""female"",""body_type"":""normal""}"
30.jpg,52509,"{}",3,0,"{""name"":""rect"",""x"":234,""y"":154,""width"":80,""height"":36}","{""body_part"":""neck"",""gender"":""female"",""body_type"":""thin""}"
30.jpg,52509,"{}",3,1,"{""name"":""rect"",""x"":174,""y"":348,""width"":152,""height"":72}","{""body_part"":""stomach"",""gender"":""female"",""body_type"":""thin""}"
30.jpg,52509,"{}",3,2,"{""name"":""rect"",""x"":134,""y"":437,""width"":201,""height"":52}","{""body_part"":""hip"",""gender"":""female"",""body_type"":""thin""}"
31.jpg,69006,"{}",4,0,"{""name"":""rect"",""x"":86,""y"":237,""width"":85,""height"":35}","{""body_part"":""stomach"",""gender"":""female"",""body_type"":""thin""}"
31.jpg,69006,"{}",4,1,"{""name"":""rect"",""x"":66,""y"":289,""width"":119,""height"":28}","{""body_part"":""hip"",""gender"":""female"",""body_type"":""thin""}"
31.jpg,69006,"{}",4,2,"{""name"":""rect"",""x"":429,""y"":205,""width"":161,""height"":61}","{""body_part"":""stomach"",""gender"":""female"",""body_type"":""thin""}"
31.jpg,69006,"{}",4,3,"{""name"":""rect"",""x"":408,""y"":291,""width"":205,""height"":52}","{""body_part"":""hip"",""gender"":""female"",""body_type"":""thin""}"
32.jpg,73833,"{}",2,0,"{""name"":""rect"",""x"":266,""y"":157,""width"":86,""height"":40}","{""body_part"":""neck"",""gender"":""female"",""body_type"":""normal""}"
32.jpg,73833,"{}",2,1,"{""name"":""rect"",""x"":236,""y"":393,""width"":173,""height"":57}","{""body_part"":""stomach"",""gender"":""female"",""body_type"":""normal""}"
33.jpg,54090,"{}",3,0,"{""name"":""rect"",""x"":158,""y"":70,""width"":59,""height"":61}","{""body_part"":""neck"",""gender"":""female"",""body_type"":""thin""}"
33.jpg,54090,"{}",3,1,"{""name"":""rect"",""x"":119,""y"":301,""width"":172,""height"":61}","{""body_part"":""stomach"",""gender"":""female"",""body_type"":""thin""}"
33.jpg,54090,"{}",3,2,"{""name"":""rect"",""x"":96,""y"":393,""width"":222,""height"":56}","{""body_part"":""hip"",""gender"":""female"",""body_type"":""thin""}"
34.jpg,110275,"{}",3,0,"{""name"":""rect"",""x"":196,""y"":213,""width"":69,""height"":30}","{""body_part"":""neck"",""gender"":""female"",""body_type"":""normal""}"
34.jpg,110275,"{}",3,1,"{""name"":""rect"",""x"":184,""y"":428,""width"":148,""height"":45}","{""body_part"":""stomach"",""gender"":""female"",""body_type"":""normal""}"
34.jpg,110275,"{}",3,2,"{""name"":""rect"",""x"":162,""y"":499,""width"":180,""height"":53}","{""body_part"":""stomach"",""gender"":""female"",""body_type"":""normal""}"
35.jpg,49469,"{}",2,0,"{""name"":""rect"",""x"":183,""y"":160,""width"":82,""height"":42}","{""body_part"":""neck"",""gender"":""female"",""body_type"":""normal""}"
35.jpg,49469,"{}",2,1,"{""name"":""rect"",""x"":103,""y"":440,""width"":233,""height"":32}","{""body_part"":""stomach"",""gender"":""female"",""body_type"":""normal""}"
36.jpg,48357,"{}",3,0,"{""name"":""rect"",""x"":249,""y"":152,""width"":35,""height"":43}","{""body_part"":""neck"",""gender"":""female"",""body_type"":""normal""}"
36.jpg,48357,"{}",3,1,"{""name"":""rect"",""x"":202,""y"":337,""width"":143,""height"":34}","{""body_part"":""stomach"",""gender"":""female"",""body_type"":""normal""}"
36.jpg,48357,"{}",3,2,"{""name"":""rect"",""x"":214,""y"":405,""width"":156,""height"":29}","{""body_part"":""hip"",""gender"":""female"",""body_type"":""normal""}"
37.jpg,107473,"{}",2,0,"{""name"":""rect"",""x"":221,""y"":210,""width"":83,""height"":34}","{""body_part"":""neck"",""gender"":""female"",""body_type"":""thin""}"
37.jpg,107473,"{}",2,1,"{""name"":""rect"",""x"":146,""y"":491,""width"":199,""height"":47}","{""body_part"":""stomach"",""gender"":""female"",""body_type"":""normal""}"
38.jpg,92864,"{}",2,0,"{""name"":""rect"",""x"":89,""y"":413,""width"":294,""height"":85}","{""body_part"":""stomach"",""gender"":""female"",""body_type"":""fat""}"
38.jpg,92864,"{}",2,1,"{""name"":""rect"",""x"":202,""y"":188,""width"":81,""height"":27}","{""body_part"":""neck"",""gender"":""female"",""body_type"":""fat""}"
39.jpg,78670,"{}",3,0,"{""name"":""rect"",""x"":172,""y"":321,""width"":136,""height"":54}","{""body_part"":""stomach"",""gender"":""female"",""body_type"":""normal""}"
39.jpg,78670,"{}",3,1,"{""name"":""rect"",""x"":190,""y"":148,""width"":74,""height"":25}","{""body_part"":""neck"",""gender"":""female"",""body_type"":""normal""}"
39.jpg,78670,"{}",3,2,"{""name"":""rect"",""x"":149,""y"":392,""width"":169,""height"":52}","{""body_part"":""hip"",""gender"":""female"",""body_type"":""normal""}"
40.jpg,74817,"{}",2,0,"{""name"":""rect"",""x"":259,""y"":70,""width"":111,""height"":26}","{""body_part"":""neck"",""gender"":""female"",""body_type"":""thin""}"
40.jpg,74817,"{}",2,1,"{""name"":""rect"",""x"":168,""y"":287,""width"":282,""height"":86}","{""body_part"":""stomach"",""gender"":""female"",""body_type"":""fat""}"
41.jpg,60534,"{}",3,0,"{""name"":""rect"",""x"":270,""y"":191,""width"":42,""height"":37}","{""body_part"":""neck"",""gender"":""female"",""body_type"":""normal""}"
41.jpg,60534,"{}",3,1,"{""name"":""rect"",""x"":221,""y"":369,""width"":102,""height"":51}","{""body_part"":""stomach"",""gender"":""female"",""body_type"":""normal""}"
41.jpg,60534,"{}",3,2,"{""name"":""rect"",""x"":215,""y"":443,""width"":157,""height"":32}","{""body_part"":""hip"",""gender"":""female"",""body_type"":""normal""}"
42.jpg,103635,"{}",3,0,"{""name"":""rect"",""x"":311,""y"":120,""width"":53,""height"":28}","{""body_part"":""neck"",""gender"":""female"",""body_type"":""fat""}"
42.jpg,103635,"{}",3,1,"{""name"":""rect"",""x"":280,""y"":277,""width"":125,""height"":34}","{""body_part"":""stomach"",""gender"":""female"",""body_type"":""fat""}"
42.jpg,103635,"{}",3,2,"{""name"":""rect"",""x"":255,""y"":323,""width"":151,""height"":36}","{""body_part"":""hip"",""gender"":""female"",""body_type"":""fat""}"
43.jpg,86435,"{}",3,0,"{""name"":""rect"",""x"":184,""y"":22,""width"":84,""height"":25}","{""body_part"":""neck"",""gender"":""female"",""body_type"":""thin""}"
43.jpg,86435,"{}",3,1,"{""name"":""rect"",""x"":121,""y"":285,""width"":168,""height"":49}","{""body_part"":""stomach"",""gender"":""female"",""body_type"":""thin""}"
43.jpg,86435,"{}",3,2,"{""name"":""rect"",""x"":115,""y"":365,""width"":207,""height"":65}","{""body_part"":""hip"",""gender"":""female"",""body_type"":""thin""}"
44.jpg,100041,"{}",3,0,"{""name"":""rect"",""x"":227,""y"":144,""width"":38,""height"":17}","{""body_part"":""neck"",""gender"":""female"",""body_type"":""thin""}"
44.jpg,100041,"{}",3,1,"{""name"":""rect"",""x"":210,""y"":250,""width"":79,""height"":31}","{""body_part"":""stomach"",""gender"":""female"",""body_type"":""thin""}"
44.jpg,100041,"{}",3,2,"{""name"":""rect"",""x"":195,""y"":290,""width"":100,""height"":29}","{""body_part"":""hip"",""gender"":""female"",""body_type"":""thin""}"
45.jpg,62586,"{}",3,0,"{""name"":""rect"",""x"":153,""y"":371,""width"":166,""height"":43}","{""body_part"":""stomach"",""gender"":""female"",""body_type"":""fat""}"
45.jpg,62586,"{}",3,1,"{""name"":""rect"",""x"":256,""y"":184,""width"":40,""height"":29}","{""body_part"":""neck"",""gender"":""female"",""body_type"":""fat""}"
45.jpg,62586,"{}",3,2,"{""name"":""rect"",""x"":144,""y"":417,""width"":186,""height"":52}","{""body_part"":""hip"",""gender"":""female"",""body_type"":""fat""}"
46.jpg,76849,"{}",3,0,"{""name"":""rect"",""x"":490,""y"":65,""width"":72,""height"":31}","{""body_part"":""neck"",""gender"":""female"",""body_type"":""thin""}"
46.jpg,76849,"{}",3,1,"{""name"":""rect"",""x"":465,""y"":253,""width"":151,""height"":40}","{""body_part"":""stomach"",""gender"":""female"",""body_type"":""thin""}"
46.jpg,76849,"{}",3,2,"{""name"":""rect"",""x"":435,""y"":353,""width"":204,""height"":50}","{""body_part"":""hip"",""gender"":""female"",""body_type"":""thin""}"
47.jpg,96655,"{}",3,0,"{""name"":""rect"",""x"":149,""y"":116,""width"":67,""height"":16}","{""body_part"":""neck"",""gender"":""female"",""body_type"":""fat""}"
47.jpg,96655,"{}",3,1,"{""name"":""rect"",""x"":114,""y"":266,""width"":148,""height"":34}","{""body_part"":""stomach"",""gender"":""female"",""body_type"":""fat""}"
47.jpg,96655,"{}",3,2,"{""name"":""rect"",""x"":108,""y"":308,""width"":163,""height"":32}","{""body_part"":""hip"",""gender"":""female"",""body_type"":""fat""}"
48.jpg,100728,"{}",3,0,"{""name"":""rect"",""x"":305,""y"":139,""width"":65,""height"":27}","{""body_part"":""neck"",""gender"":""female"",""body_type"":""normal""}"
48.jpg,100728,"{}",3,1,"{""name"":""rect"",""x"":268,""y"":296,""width"":137,""height"":43}","{""body_part"":""stomach"",""gender"":""female"",""body_type"":""normal""}"
48.jpg,100728,"{}",3,2,"{""name"":""rect"",""x"":247,""y"":350,""width"":169,""height"":29}","{""body_part"":""hip"",""gender"":""female"",""body_type"":""normal""}"
49.jpg,73694,"{}",2,0,"{""name"":""rect"",""x"":180,""y"":230,""width"":110,""height"":36}","{""body_part"":""neck"",""gender"":""female"",""body_type"":""fat""}"
49.jpg,73694,"{}",2,1,"{""name"":""rect"",""x"":74,""y"":548,""width"":300,""height"":78}","{""body_part"":""stomach"",""gender"":""female"",""body_type"":""fat""}"
50.jpg,85884,"{}",3,0,"{""name"":""rect"",""x"":170,""y"":261,""width"":125,""height"":21}","{""body_part"":""stomach"",""gender"":""female"",""body_type"":""fat""}"
50.jpg,85884,"{}",3,1,"{""name"":""rect"",""x"":159,""y"":297,""width"":145,""height"":23}","{""body_part"":""hip"",""gender"":""female"",""body_type"":""fat""}"
50.jpg,85884,"{}",3,2,"{""name"":""rect"",""x"":236,""y"":133,""width"":32,""height"":10}","{""body_part"":""neck"",""gender"":""female"",""body_type"":""fat""}"
51.jpg,70952,"{}",3,0,"{""name"":""rect"",""x"":230,""y"":121,""width"":52,""height"":25}","{""body_part"":""neck"",""gender"":""female"",""body_type"":""fat""}"
51.jpg,70952,"{}",3,1,"{""name"":""rect"",""x"":165,""y"":287,""width"":147,""height"":34}","{""body_part"":""neck"",""gender"":""female"",""body_type"":""fat""}"
51.jpg,70952,"{}",3,2,"{""name"":""rect"",""x"":152,""y"":334,""width"":162,""height"":45}","{""body_part"":""hip"",""gender"":""female"",""body_type"":""fat""}"
52.jpg,64115,"{}",3,0,"{""name"":""rect"",""x"":196,""y"":164,""width"":70,""height"":28}","{""body_part"":""neck"",""gender"":""female"",""body_type"":""normal""}"
52.jpg,64115,"{}",3,1,"{""name"":""rect"",""x"":137,""y"":401,""width"":191,""height"":51}","{""body_part"":""stomach"",""gender"":""female"",""body_type"":""normal""}"
52.jpg,64115,"{}",3,2,"{""name"":""rect"",""x"":125,""y"":480,""width"":214,""height"":50}","{""body_part"":""hip"",""gender"":""female"",""body_type"":""normal""}"
53.jpg,69602,"{}",3,0,"{""name"":""rect"",""x"":173,""y"":167,""width"":82,""height"":28}","{""body_part"":""neck"",""gender"":""female"",""body_type"":""normal""}"
53.jpg,69602,"{}",3,1,"{""name"":""rect"",""x"":111,""y"":410,""width"":210,""height"":56}","{""body_part"":""stomach"",""gender"":""female"",""body_type"":""normal""}"
53.jpg,69602,"{}",3,2,"{""name"":""rect"",""x"":89,""y"":499,""width"":257,""height"":53}","{""body_part"":""hip"",""gender"":""female"",""body_type"":""normal""}"
54.jpg,54731,"{}",3,0,"{""name"":""rect"",""x"":234,""y"":128,""width"":47,""height"":18}","{""body_part"":""neck"",""gender"":""female"",""body_type"":""normal""}"
54.jpg,54731,"{}",3,1,"{""name"":""rect"",""x"":201,""y"":257,""width"":113,""height"":38}","{""body_part"":""stomach"",""gender"":""female"",""body_type"":""normal""}"
54.jpg,54731,"{}",3,2,"{""name"":""rect"",""x"":188,""y"":300,""width"":139,""height"":30}","{""body_part"":""hip"",""gender"":""female"",""body_type"":""normal""}"
55.jpg,46511,"{}",3,0,"{""name"":""rect"",""x"":201,""y"":201,""width"":66,""height"":21}","{""body_part"":""neck"",""gender"":""female"",""body_type"":""normal""}"
55.jpg,46511,"{}",3,1,"{""name"":""rect"",""x"":143,""y"":396,""width"":187,""height"":47}","{""body_part"":""stomach"",""gender"":""female"",""body_type"":""normal""}"
55.jpg,46511,"{}",3,2,"{""name"":""rect"",""x"":127,""y"":467,""width"":230,""height"":40}","{""body_part"":""hip"",""gender"":""female"",""body_type"":""normal""}"
56.jpg,70940,"{}",2,0,"{""name"":""rect"",""x"":321,""y"":53,""width"":78,""height"":57}","{""body_part"":""neck"",""gender"":""female"",""body_type"":""normal""}"
56.jpg,70940,"{}",2,1,"{""name"":""rect"",""x"":214,""y"":380,""width"":221,""height"":56}","{""body_part"":""stomach"",""gender"":""female"",""body_type"":""normal""}"
57.jpg,61599,"{}",3,0,"{""name"":""rect"",""x"":172,""y"":153,""width"":77,""height"":34}","{""body_part"":""neck"",""gender"":""female"",""body_type"":""normal""}"
57.jpg,61599,"{}",3,1,"{""name"":""rect"",""x"":94,""y"":377,""width"":185,""height"":43}","{""body_part"":""stomach"",""gender"":""female"",""body_type"":""normal""}"
57.jpg,61599,"{}",3,2,"{""name"":""rect"",""x"":87,""y"":442,""width"":207,""height"":41}","{""body_part"":""hip"",""gender"":""female"",""body_type"":""normal""}"
58.jpg,123525,"{}",2,0,"{""name"":""rect"",""x"":307,""y"":191,""width"":59,""height"":20}","{""body_part"":""neck"",""gender"":""female"",""body_type"":""normal""}"
58.jpg,123525,"{}",2,1,"{""name"":""rect"",""x"":236,""y"":388,""width"":171,""height"":50}","{""body_part"":""stomach"",""gender"":""female"",""body_type"":""normal""}"
59.jpg,54984,"{}",3,0,"{""name"":""rect"",""x"":299,""y"":167,""width"":68,""height"":25}","{""body_part"":""neck"",""gender"":""female"",""body_type"":""normal""}"
59.jpg,54984,"{}",3,1,"{""name"":""rect"",""x"":256,""y"":355,""width"":142,""height"":53}","{""body_part"":""stomach"",""gender"":""female"",""body_type"":""normal""}"
59.jpg,54984,"{}",3,2,"{""name"":""rect"",""x"":225,""y"":429,""width"":183,""height"":50}","{""body_part"":""hip"",""gender"":""female"",""body_type"":""normal""}"
60.jpg,68339,"{}",3,0,"{""name"":""rect"",""x"":197,""y"":161,""width"":80,""height"":27}","{""body_part"":""neck"",""gender"":""female"",""body_type"":""thin""}"
60.jpg,68339,"{}",3,1,"{""name"":""rect"",""x"":141,""y"":413,""width"":184,""height"":49}","{""body_part"":""stomach"",""gender"":""female"",""body_type"":""normal""}"
60.jpg,68339,"{}",3,2,"{""name"":""rect"",""x"":115,""y"":482,""width"":219,""height"":54}","{""body_part"":""hip"",""gender"":""female"",""body_type"":""normal""}"
61.jpg,63614,"{}",3,0,"{""name"":""rect"",""x"":206,""y"":143,""width"":70,""height"":34}","{""body_part"":""neck"",""gender"":""female"",""body_type"":""normal""}"
61.jpg,63614,"{}",3,1,"{""name"":""rect"",""x"":144,""y"":358,""width"":165,""height"":53}","{""body_part"":""hip"",""gender"":""female"",""body_type"":""normal""}"
61.jpg,63614,"{}",3,2,"{""name"":""rect"",""x"":103,""y"":434,""width"":223,""height"":57}","{""body_part"":""hip"",""gender"":""female"",""body_type"":""normal""}"
62.jpg,111061,"{}",3,0,"{""name"":""rect"",""x"":312,""y"":117,""width"":51,""height"":24}","{""body_part"":""neck"",""gender"":""female"",""body_type"":""normal""}"
62.jpg,111061,"{}",3,1,"{""name"":""rect"",""x"":281,""y"":278,""width"":125,""height"":34}","{""body_part"":""stomach"",""gender"":""female"",""body_type"":""normal""}"
62.jpg,111061,"{}",3,2,"{""name"":""rect"",""x"":256,""y"":326,""width"":154,""height"":43}","{""body_part"":""hip"",""gender"":""female"",""body_type"":""normal""}"
63.jpg,68282,"{}",2,0,"{""name"":""rect"",""x"":306,""y"":153,""width"":62,""height"":26}","{""body_part"":""neck"",""gender"":""female"",""body_type"":""normal""}"
63.jpg,68282,"{}",2,1,"{""name"":""rect"",""x"":242,""y"":355,""width"":164,""height"":45}","{""body_part"":""stomach"",""gender"":""female"",""body_type"":""normal""}"
64.jpg,88153,"{}",7,0,"{""name"":""rect"",""x"":395,""y"":308,""width"":126,""height"":31}","{""body_part"":""stomach"",""gender"":""female"",""body_type"":""fat""}"
64.jpg,88153,"{}",7,1,"{""name"":""rect"",""x"":251,""y"":285,""width"":135,""height"":36}","{""body_part"":""stomach"",""gender"":""female"",""body_type"":""normal""}"
64.jpg,88153,"{}",7,2,"{""name"":""rect"",""x"":136,""y"":273,""width"":109,""height"":31}","{""body_part"":""stomach"",""gender"":""female"",""body_type"":""normal""}"
64.jpg,88153,"{}",7,3,"{""name"":""rect"",""x"":7,""y"":304,""width"":138,""height"":37}","{""body_part"":""stomach"",""gender"":""female"",""body_type"":""fat""}"
64.jpg,88153,"{}",7,4,"{""name"":""rect"",""x"":5,""y"":356,""width"":123,""height"":24}","{""body_part"":""stomach"",""gender"":""female"",""body_type"":""normal""}"
64.jpg,88153,"{}",7,5,"{""name"":""rect"",""x"":131,""y"":314,""width"":119,""height"":31}","{""body_part"":""hip"",""gender"":""female"",""body_type"":""fat""}"
64.jpg,88153,"{}",7,6,"{""name"":""rect"",""x"":386,""y"":345,""width"":135,""height"":19}","{""body_part"":""hip"",""gender"":""female"",""body_type"":""normal""}"
65.jpg,88689,"{}",6,0,"{""name"":""rect"",""x"":351,""y"":279,""width"":70,""height"":28}","{""body_part"":""stomach"",""gender"":""female"",""body_type"":""thin""}"
65.jpg,88689,"{}",6,1,"{""name"":""rect"",""x"":374,""y"":173,""width"":27,""height"":15}","{""body_part"":""neck"",""gender"":""female"",""body_type"":""thin""}"
65.jpg,88689,"{}",6,2,"{""name"":""rect"",""x"":347,""y"":315,""width"":90,""height"":23}","{""body_part"":""hip"",""gender"":""female"",""body_type"":""thin""}"
65.jpg,88689,"{}",6,3,"{""name"":""rect"",""x"":142,""y"":264,""width"":52,""height"":21}","{""body_part"":""stomach"",""gender"":""male"",""body_type"":""thin""}"
65.jpg,88689,"{}",6,4,"{""name"":""rect"",""x"":156,""y"":169,""width"":24,""height"":12}","{""body_part"":""neck"",""gender"":""male"",""body_type"":""thin""}"
65.jpg,88689,"{}",6,5,"{""name"":""rect"",""x"":142,""y"":288,""width"":59,""height"":21}","{""body_part"":""hip"",""gender"":""female"",""body_type"":""normal""}"
66.jpg,66670,"{}",2,0,"{""name"":""rect"",""x"":232,""y"":305,""width"":145,""height"":42}","{""body_part"":""stomach"",""gender"":""female"",""body_type"":""thin""}"
66.jpg,66670,"{}",2,1,"{""name"":""rect"",""x"":219,""y"":376,""width"":174,""height"":40}","{""body_part"":""hip"",""gender"":""female"",""body_type"":""thin""}"
67.jpg,37711,"{}",3,0,"{""name"":""rect"",""x"":318,""y"":97,""width"":53,""height"":37}","{""body_part"":""neck"",""gender"":""female"",""body_type"":""thin""}"
67.jpg,37711,"{}",3,1,"{""name"":""rect"",""x"":248,""y"":337,""width"":165,""height"":39}","{""body_part"":""stomach"",""gender"":""female"",""body_type"":""thin""}"
67.jpg,37711,"{}",3,2,"{""name"":""rect"",""x"":234,""y"":386,""width"":195,""height"":31}","{""body_part"":""hip"",""gender"":""female"",""body_type"":""thin""}"
68.jpg,66881,"{}",3,0,"{""name"":""rect"",""x"":279,""y"":110,""width"":74,""height"":31}","{""body_part"":""neck"",""gender"":""male"",""body_type"":""thin""}"
68.jpg,66881,"{}",3,1,"{""name"":""rect"",""x"":221,""y"":311,""width"":152,""height"":29}","{""body_part"":""stomach"",""gender"":""male"",""body_type"":""thin""}"
68.jpg,66881,"{}",3,2,"{""name"":""rect"",""x"":211,""y"":386,""width"":170,""height"":43}","{""body_part"":""hip"",""gender"":""male"",""body_type"":""thin""}"
69.jpg,67064,"{}",3,0,"{""name"":""rect"",""x"":161,""y"":400,""width"":157,""height"":44}","{""body_part"":""stomach"",""gender"":""male"",""body_type"":""normal""}"
69.jpg,67064,"{}",3,1,"{""name"":""rect"",""x"":136,""y"":505,""width"":203,""height"":41}","{""body_part"":""hip"",""gender"":""male"",""body_type"":""normal""}"
69.jpg,67064,"{}",3,2,"{""name"":""rect"",""x"":190,""y"":171,""width"":79,""height"":16}","{""body_part"":""neck"",""gender"":""male"",""body_type"":""thin""}"
70.jpg,67107,"{}",3,0,"{""name"":""rect"",""x"":251,""y"":161,""width"":59,""height"":31}","{""body_part"":""neck"",""gender"":""male"",""body_type"":""thin""}"
70.jpg,67107,"{}",3,1,"{""name"":""rect"",""x"":173,""y"":376,""width"":144,""height"":39}","{""body_part"":""stomach"",""gender"":""male"",""body_type"":""normal""}"
70.jpg,67107,"{}",3,2,"{""name"":""rect"",""x"":150,""y"":440,""width"":176,""height"":42}","{""body_part"":""hip"",""gender"":""male"",""body_type"":""normal""}"
71.jpg,110574,"{}",3,0,"{""name"":""rect"",""x"":84,""y"":392,""width"":182,""height"":30}","{""body_part"":""stomach"",""gender"":""male"",""body_type"":""normal""}"
71.jpg,110574,"{}",3,1,"{""name"":""rect"",""x"":77,""y"":482,""width"":197,""height"":45}","{""body_part"":""hip"",""gender"":""male"",""body_type"":""normal""}"
71.jpg,110574,"{}",3,2,"{""name"":""rect"",""x"":111,""y"":163,""width"":88,""height"":32}","{""body_part"":""neck"",""gender"":""male"",""body_type"":""normal""}"
72.jpg,61857,"{}",2,0,"{""name"":""rect"",""x"":282,""y"":182,""width"":55,""height"":25}","{""body_part"":""neck"",""gender"":""male"",""body_type"":""thin""}"
72.jpg,61857,"{}",2,1,"{""name"":""rect"",""x"":247,""y"":370,""width"":129,""height"":28}","{""body_part"":""stomach"",""gender"":""male"",""body_type"":""thin""}"
73.jpg,120044,"{}",2,0,"{""name"":""rect"",""x"":233,""y"":130,""width"":54,""height"":23}","{""body_part"":""neck"",""gender"":""male"",""body_type"":""thin""}"
73.jpg,120044,"{}",2,1,"{""name"":""rect"",""x"":193,""y"":272,""width"":111,""height"":35}","{""body_part"":""stomach"",""gender"":""male"",""body_type"":""thin""}"
74.jpg,76550,"{}",2,0,"{""name"":""rect"",""x"":200,""y"":160,""width"":86,""height"":50}","{""body_part"":""neck""}"
74.jpg,76550,"{}",2,1,"{""name"":""rect"",""x"":166,""y"":419,""width"":154,""height"":47}","{""body_part"":""stomach""}"
75.jpg,74532,"{}",2,0,"{""name"":""rect"",""x"":264,""y"":197,""width"":81,""height"":35}","{""body_part"":""neck""}"
75.jpg,74532,"{}",2,1,"{""name"":""rect"",""x"":208,""y"":414,""width"":178,""height"":54}","{""body_part"":""stomach""}"
76.jpg,60112,"{}",2,0,"{""name"":""rect"",""x"":231,""y"":192,""width"":82,""height"":38}","{""body_part"":""neck""}"
76.jpg,60112,"{}",2,1,"{""name"":""rect"",""x"":150,""y"":423,""width"":192,""height"":62}","{""body_part"":""stomach""}"
77.jpg,54286,"{}",2,0,"{""name"":""rect"",""x"":232,""y"":151,""width"":59,""height"":23}","{""body_part"":""neck""}"
77.jpg,54286,"{}",2,1,"{""name"":""rect"",""x"":204,""y"":330,""width"":133,""height"":38}","{""body_part"":""stomach""}"
78.jpg,118556,"{}",2,0,"{""name"":""rect"",""x"":213,""y"":191,""width"":80,""height"":30}","{""body_part"":""neck""}"
78.jpg,118556,"{}",2,1,"{""name"":""rect"",""x"":150,""y"":395,""width"":168,""height"":53}","{""body_part"":""stomach""}"
79.jpg,85562,"{}",2,0,"{""name"":""rect"",""x"":197,""y"":178,""width"":103,""height"":35}","{""body_part"":""neck""}"
79.jpg,85562,"{}",2,1,"{""name"":""rect"",""x"":160,""y"":463,""width"":195,""height"":50}","{""body_part"":""stomach""}"
80.jpg,102492,"{}",2,0,"{""name"":""rect"",""x"":390,""y"":113,""width"":50,""height"":32}","{""body_part"":""neck""}"
80.jpg,102492,"{}",2,1,"{""name"":""rect"",""x"":335,""y"":281,""width"":143,""height"":40}","{""body_part"":""stomach""}"
81.jpg,66091,"{}",4,0,"{""name"":""rect"",""x"":167,""y"":195,""width"":49,""height"":21}","{""body_part"":""neck""}"
81.jpg,66091,"{}",4,1,"{""name"":""rect"",""x"":130,""y"":344,""width"":115,""height"":39}","{""body_part"":""stomach""}"
81.jpg,66091,"{}",4,2,"{""name"":""rect"",""x"":393,""y"":178,""width"":66,""height"":32}","{""body_part"":""neck""}"
81.jpg,66091,"{}",4,3,"{""name"":""rect"",""x"":384,""y"":378,""width"":140,""height"":34}","{""body_part"":""stomach""}"
82.jpg,57439,"{}",4,0,"{""name"":""rect"",""x"":186,""y"":116,""width"":48,""height"":25}","{""body_part"":""neck""}"
82.jpg,57439,"{}",4,1,"{""name"":""rect"",""x"":139,""y"":263,""width"":129,""height"":43}","{""body_part"":""stomach""}"
82.jpg,57439,"{}",4,2,"{""name"":""rect"",""x"":412,""y"":164,""width"":49,""height"":26}","{""body_part"":""neck""}"
82.jpg,57439,"{}",4,3,"{""name"":""rect"",""x"":393,""y"":317,""width"":121,""height"":31}","{""body_part"":""stomach""}"
83.jpg,69327,"{}",2,0,"{""name"":""rect"",""x"":215,""y"":134,""width"":80,""height"":35}","{""body_part"":""neck""}"
83.jpg,69327,"{}",2,1,"{""name"":""rect"",""x"":150,""y"":373,""width"":193,""height"":51}","{""body_part"":""stomach""}"
84.jpg,85725,"{}",2,0,"{""name"":""rect"",""x"":195,""y"":159,""width"":86,""height"":36}","{""body_part"":""neck""}"
84.jpg,85725,"{}",2,1,"{""name"":""rect"",""x"":140,""y"":403,""width"":171,""height"":60}","{""body_part"":""stomach""}"
85.jpg,82531,"{}",2,0,"{""name"":""rect"",""x"":182,""y"":119,""width"":65,""height"":35}","{""body_part"":""neck""}"
85.jpg,82531,"{}",2,1,"{""name"":""rect"",""x"":135,""y"":303,""width"":154,""height"":52}","{""body_part"":""stomach""}"
86.jpg,51053,"{}",2,0,"{""name"":""rect"",""x"":255,""y"":116,""width"":74,""height"":30}","{""body_part"":""neck""}"
86.jpg,51053,"{}",2,1,"{""name"":""rect"",""x"":240,""y"":304,""width"":146,""height"":41}","{""body_part"":""stomach""}"
87.jpg,76539,"{}",2,0,"{""name"":""rect"",""x"":226,""y"":185,""width"":70,""height"":34}","{""body_part"":""neck""}"
87.jpg,76539,"{}",2,1,"{""name"":""rect"",""x"":175,""y"":388,""width"":158,""height"":44}","{""body_part"":""stomach""}"
88.jpg,40468,"{}",2,0,"{""name"":""rect"",""x"":183,""y"":140,""width"":74,""height"":35}","{""body_part"":""neck""}"
88.jpg,40468,"{}",2,1,"{""name"":""rect"",""x"":163,""y"":391,""width"":171,""height"":42}","{""body_part"":""stomach""}"
89.jpg,45736,"{}",2,0,"{""name"":""rect"",""x"":233,""y"":46,""width"":98,""height"":64}","{""body_part"":""neck""}"
89.jpg,45736,"{}",2,1,"{""name"":""rect"",""x"":188,""y"":329,""width"":181,""height"":52}","{""body_part"":""stomach""}"
90.jpg,58623,"{}",2,0,"{""name"":""rect"",""x"":280,""y"":138,""width"":62,""height"":36}","{""body_part"":""neck""}"
90.jpg,58623,"{}",2,1,"{""name"":""rect"",""x"":244,""y"":348,""width"":150,""height"":53}","{""body_part"":""stomach""}"
91.jpg,82459,"{}",2,0,"{""name"":""rect"",""x"":162,""y"":200,""width"":85,""height"":48}","{""body_part"":""neck""}"
91.jpg,82459,"{}",2,1,"{""name"":""rect"",""x"":130,""y"":444,""width"":178,""height"":51}","{""body_part"":""stomach""}"
92.jpg,49468,"{}",2,0,"{""name"":""rect"",""x"":190,""y"":145,""width"":66,""height"":33}","{""body_part"":""neck""}"
92.jpg,49468,"{}",2,1,"{""name"":""rect"",""x"":181,""y"":307,""width"":118,""height"":30}","{""body_part"":""stomach""}"
93.jpg,130160,"{}",4,0,"{""name"":""rect"",""x"":310,""y"":371,""width"":99,""height"":32}","{""body_part"":""stomach""}"
93.jpg,130160,"{}",4,1,"{""name"":""rect"",""x"":326,""y"":211,""width"":55,""height"":40}","{""body_part"":""neck""}"
93.jpg,130160,"{}",4,2,"{""name"":""rect"",""x"":253,""y"":163,""width"":46,""height"":33}","{""body_part"":""neck""}"
93.jpg,130160,"{}",4,3,"{""name"":""rect"",""x"":143,""y"":260,""width"":50,""height"":47}","{""body_part"":""neck""}"
94.jpg,66339,"{}",2,0,"{""name"":""rect"",""x"":251,""y"":142,""width"":82,""height"":50}","{""body_part"":""neck""}"
94.jpg,66339,"{}",2,1,"{""name"":""rect"",""x"":207,""y"":353,""width"":168,""height"":38}","{""body_part"":""stomach""}"
95.jpg,49285,"{}",2,0,"{""name"":""rect"",""x"":208,""y"":115,""width"":79,""height"":34}","{""body_part"":""neck""}"
95.jpg,49285,"{}",2,1,"{""name"":""rect"",""x"":193,""y"":281,""width"":134,""height"":61}","{""body_part"":""stomach""}"
96.jpg,105842,"{}",1,0,"{""name"":""rect"",""x"":180,""y"":233,""width"":119,""height"":56}","{""body_part"":""neck""}"
97.jpg,45636,"{}",1,0,"{""name"":""rect"",""x"":282,""y"":116,""width"":71,""height"":28}","{""body_part"":""neck""}"
98.jpg,72521,"{}",2,0,"{""name"":""rect"",""x"":204,""y"":150,""width"":90,""height"":37}","{""body_part"":""neck""}"
98.jpg,72521,"{}",2,1,"{""name"":""rect"",""x"":167,""y"":355,""width"":164,""height"":56}","{""body_part"":""stomach""}"
99.jpg,107283,"{}",2,0,"{""name"":""rect"",""x"":189,""y"":177,""width"":78,""height"":54}","{""body_part"":""neck""}"
99.jpg,107283,"{}",2,1,"{""name"":""rect"",""x"":129,""y"":455,""width"":199,""height"":63}","{""body_part"":""stomach""}"
100.jpg,148307,"{}",4,0,"{""name"":""rect"",""x"":395,""y"":252,""width"":72,""height"":32}","{""body_part"":""stomach""}"
100.jpg,148307,"{}",4,1,"{""name"":""rect"",""x"":416,""y"":168,""width"":39,""height"":18}","{""body_part"":""neck""}"
100.jpg,148307,"{}",4,2,"{""name"":""rect"",""x"":150,""y"":146,""width"":28,""height"":20}","{""body_part"":""neck""}"
100.jpg,148307,"{}",4,3,"{""name"":""rect"",""x"":122,""y"":237,""width"":84,""height"":20}","{""body_part"":""stomach""}"
101.jpg,51185,"{}",2,0,"{""name"":""rect"",""x"":202,""y"":130,""width"":72,""height"":41}","{""body_part"":""neck""}"
101.jpg,51185,"{}",2,1,"{""name"":""rect"",""x"":159,""y"":372,""width"":164,""height"":55}","{""body_part"":""stomach""}"
102.jpg,101277,"{}",2,0,"{""name"":""rect"",""x"":173,""y"":156,""width"":91,""height"":59}","{""body_part"":""neck""}"
102.jpg,101277,"{}",2,1,"{""name"":""rect"",""x"":139,""y"":413,""width"":205,""height"":45}","{""body_part"":""stomach""}"
103.jpg,83981,"{}",2,0,"{""name"":""rect"",""x"":209,""y"":151,""width"":77,""height"":45}","{""body_part"":""neck""}"
103.jpg,83981,"{}",2,1,"{""name"":""rect"",""x"":177,""y"":405,""width"":163,""height"":46}","{""body_part"":""stomach""}"
104.jpg,63462,"{}",2,0,"{""name"":""rect"",""x"":147,""y"":210,""width"":95,""height"":47}","{""body_part"":""neck""}"
104.jpg,63462,"{}",2,1,"{""name"":""rect"",""x"":116,""y"":483,""width"":189,""height"":53}","{""body_part"":""stomach""}"
105.jpg,84781,"{}",2,0,"{""name"":""rect"",""x"":185,""y"":136,""width"":79,""height"":34}","{""body_part"":""neck""}"
105.jpg,84781,"{}",2,1,"{""name"":""rect"",""x"":166,""y"":361,""width"":179,""height"":47}","{""body_part"":""stomach""}"
106.jpg,79251,"{}",2,0,"{""name"":""rect"",""x"":193,""y"":175,""width"":89,""height"":41}","{""body_part"":""neck""}"
106.jpg,79251,"{}",2,1,"{""name"":""rect"",""x"":160,""y"":473,""width"":216,""height"":42}","{""body_part"":""stomach""}"
107.jpg,103162,"{}",2,0,"{""name"":""rect"",""x"":100,""y"":519,""width"":294,""height"":62}","{""body_part"":""stomach""}"
107.jpg,103162,"{}",2,1,"{""name"":""rect"",""x"":177,""y"":203,""width"":112,""height"":37}","{""body_part"":""neck""}"
108.jpg,131369,"{}",6,0,"{""name"":""rect"",""x"":112,""y"":161,""width"":42,""height"":27}","{""body_part"":""neck""}"
108.jpg,131369,"{}",6,1,"{""name"":""rect"",""x"":298,""y"":179,""width"":41,""height"":21}","{""body_part"":""neck""}"
108.jpg,131369,"{}",6,2,"{""name"":""rect"",""x"":480,""y"":185,""width"":44,""height"":20}","{""body_part"":""neck""}"
108.jpg,131369,"{}",6,3,"{""name"":""rect"",""x"":470,""y"":302,""width"":74,""height"":24}","{""body_part"":""stomach""}"
108.jpg,131369,"{}",6,4,"{""name"":""rect"",""x"":100,""y"":280,""width"":86,""height"":27}","{""body_part"":""stomach""}"
108.jpg,131369,"{}",6,5,"{""name"":""rect"",""x"":278,""y"":280,""width"":81,""height"":29}","{""body_part"":""stomach""}"
109.jpg,116133,"{}",2,0,"{""name"":""rect"",""x"":476,""y"":177,""width"":31,""height"":18}","{""body_part"":""neck""}"
109.jpg,116133,"{}",2,1,"{""name"":""rect"",""x"":464,""y"":261,""width"":71,""height"":25}","{""body_part"":""stomach""}"
110.jpg,115407,"{}",2,0,"{""name"":""rect"",""x"":290,""y"":105,""width"":42,""height"":35}","{""body_part"":""neck""}"
110.jpg,115407,"{}",2,1,"{""name"":""rect"",""x"":236,""y"":263,""width"":119,""height"":29}","{""body_part"":""stomach""}"
111.jpg,38347,"{}",1,0,"{""name"":""rect"",""x"":276,""y"":275,""width"":112,""height"":47}","{""body_part"":""neck""}"
112.jpg,73978,"{}",2,0,"{""name"":""rect"",""x"":170,""y"":193,""width"":85,""height"":35}","{""body_part"":""neck""}"
112.jpg,73978,"{}",2,1,"{""name"":""rect"",""x"":149,""y"":434,""width"":188,""height"":50}","{""body_part"":""stomach""}"
113.jpg,84778,"{}",2,0,"{""name"":""rect"",""x"":211,""y"":170,""width"":86,""height"":64}","{""body_part"":""neck""}"
113.jpg,84778,"{}",2,1,"{""name"":""rect"",""x"":125,""y"":431,""width"":214,""height"":81}","{""body_part"":""stomach""}"
114.jpg,62252,"{}",2,0,"{""name"":""rect"",""x"":194,""y"":162,""width"":55,""height"":45}","{""body_part"":""neck""}"
114.jpg,62252,"{}",2,1,"{""name"":""rect"",""x"":152,""y"":394,""width"":153,""height"":48}","{""body_part"":""stomach""}"
115.jpg,113937,"{}",2,0,"{""name"":""rect"",""x"":184,""y"":196,""width"":75,""height"":45}","{""body_part"":""neck""}"
115.jpg,113937,"{}",2,1,"{""name"":""rect"",""x"":149,""y"":408,""width"":157,""height"":40}","{""body_part"":""stomach""}"
116.jpg,62288,"{}",2,0,"{""name"":""rect"",""x"":224,""y"":150,""width"":56,""height"":40}","{""body_part"":""neck""}"
116.jpg,62288,"{}",2,1,"{""name"":""rect"",""x"":189,""y"":365,""width"":122,""height"":38}","{""body_part"":""stomach""}"
117.jpg,83257,"{}",2,0,"{""name"":""rect"",""x"":210,""y"":142,""width"":93,""height"":46}","{""body_part"":""neck""}"
117.jpg,83257,"{}",2,1,"{""name"":""rect"",""x"":157,""y"":398,""width"":171,""height"":40}","{""body_part"":""stomach""}"
119.jpg,106821,"{}",2,0,"{""name"":""rect"",""x"":314,""y"":176,""width"":58,""height"":31}","{""body_part"":""neck""}"
119.jpg,106821,"{}",2,1,"{""name"":""rect"",""x"":246,""y"":373,""width"":142,""height"":48}","{""body_part"":""stomach""}"
120.jpg,103634,"{}",2,0,"{""name"":""rect"",""x"":153,""y"":195,""width"":105,""height"":52}","{""body_part"":""neck""}"
120.jpg,103634,"{}",2,1,"{""name"":""rect"",""x"":74,""y"":497,""width"":265,""height"":65}","{""body_part"":""stomach""}"
121.jpg,56708,"{}",1,0,"{""name"":""rect"",""x"":153,""y"":81,""width"":46,""height"":36}","{""body_part"":""neck""}"
122.jpg,68984,"{}",2,0,"{""name"":""rect"",""x"":285,""y"":117,""width"":98,""height"":42}","{""body_part"":""neck""}"
122.jpg,68984,"{}",2,1,"{""name"":""rect"",""x"":199,""y"":397,""width"":230,""height"":59}","{""body_part"":""stomach""}"
123.jpg,100373,"{}",2,0,"{""name"":""rect"",""x"":312,""y"":147,""width"":91,""height"":35}","{""body_part"":""neck""}"
123.jpg,100373,"{}",2,1,"{""name"":""rect"",""x"":258,""y"":337,""width"":170,""height"":45}","{""body_part"":""stomach""}"
124.jpg,69387,"{}",2,0,"{""name"":""rect"",""x"":208,""y"":249,""width"":100,""height"":46}","{""body_part"":""neck""}"
124.jpg,69387,"{}",2,1,"{""name"":""rect"",""x"":129,""y"":571,""width"":227,""height"":64}","{""body_part"":""stomach""}"
125.jpg,94508,"{}",2,0,"{""name"":""rect"",""x"":197,""y"":151,""width"":88,""height"":41}","{""body_part"":""neck""}"
125.jpg,94508,"{}",2,1,"{""name"":""rect"",""x"":136,""y"":414,""width"":206,""height"":58}","{""body_part"":""stomach""}"
126.jpg,84518,"{}",1,0,"{""name"":""rect"",""x"":94,""y"":401,""width"":251,""height"":59}","{""body_part"":""stomach""}"
128.jpg,85287,"{}",2,0,"{""name"":""rect"",""x"":198,""y"":185,""width"":97,""height"":53}","{""body_part"":""neck""}"
128.jpg,85287,"{}",2,1,"{""name"":""rect"",""x"":107,""y"":468,""width"":215,""height"":58}","{""body_part"":""stomach""}"
129.jpg,40806,"{}",2,0,"{""name"":""rect"",""x"":180,""y"":156,""width"":81,""height"":39}","{""body_part"":""neck""}"
129.jpg,40806,"{}",2,1,"{""name"":""rect"",""x"":156,""y"":372,""width"":162,""height"":50}","{""body_part"":""stomach""}"
130.jpg,62365,"{}",2,0,"{""name"":""rect"",""x"":183,""y"":139,""width"":72,""height"":42}","{""body_part"":""neck""}"
130.jpg,62365,"{}",2,1,"{""name"":""rect"",""x"":173,""y"":376,""width"":159,""height"":36}","{""body_part"":""stomach""}"
131.jpg,123433,"{}",6,0,"{""name"":""rect"",""x"":304,""y"":132,""width"":50,""height"":24}","{""body_part"":""neck""}"
131.jpg,123433,"{}",6,1,"{""name"":""rect"",""x"":498,""y"":136,""width"":53,""height"":25}","{""body_part"":""neck""}"
131.jpg,123433,"{}",6,2,"{""name"":""rect"",""x"":116,""y"":122,""width"":50,""height"":30}","{""body_part"":""neck""}"
131.jpg,123433,"{}",6,3,"{""name"":""rect"",""x"":280,""y"":273,""width"":96,""height"":33}","{""body_part"":""stomach""}"
131.jpg,123433,"{}",6,4,"{""name"":""rect"",""x"":95,""y"":275,""width"":101,""height"":41}","{""body_part"":""stomach""}"
131.jpg,123433,"{}",6,5,"{""name"":""rect"",""x"":487,""y"":282,""width"":99,""height"":33}","{""body_part"":""stomach""}"
132.jpg,65173,"{}",2,0,"{""name"":""rect"",""x"":312,""y"":116,""width"":56,""height"":41}","{""body_part"":""neck""}"
132.jpg,65173,"{}",2,1,"{""name"":""rect"",""x"":304,""y"":306,""width"":105,""height"":30}","{""body_part"":""stomach""}"
133.jpg,84322,"{}",2,0,"{""name"":""rect"",""x"":205,""y"":173,""width"":62,""height"":25}","{""body_part"":""neck""}"
133.jpg,84322,"{}",2,1,"{""name"":""rect"",""x"":143,""y"":369,""width"":149,""height"":37}","{""body_part"":""stomach""}"
134.jpg,77949,"{}",2,0,"{""name"":""rect"",""x"":172,""y"":425,""width"":174,""height"":48}","{""body_part"":""stomach""}"
134.jpg,77949,"{}",2,1,"{""name"":""rect"",""x"":199,""y"":197,""width"":52,""height"":29}","{""body_part"":""neck""}"
135.jpg,122248,"{}",13,0,"{""name"":""rect"",""x"":295,""y"":299,""width"":51,""height"":20}","{""body_part"":""stomach""}"
135.jpg,122248,"{}",13,1,"{""name"":""rect"",""x"":512,""y"":319,""width"":71,""height"":37}","{""body_part"":""stomach""}"
135.jpg,122248,"{}",13,2,"{""name"":""rect"",""x"":238,""y"":300,""width"":49,""height"":19}","{""body_part"":""stomach""}"
135.jpg,122248,"{}",13,3,"{""name"":""rect"",""x"":60,""y"":302,""width"":46,""height"":20}","{""body_part"":""stomach""}"
135.jpg,122248,"{}",13,4,"{""name"":""rect"",""x"":296,""y"":230,""width"":29,""height"":17}","{""body_part"":""neck""}"
135.jpg,122248,"{}",13,5,"{""name"":""rect"",""x"":534,""y"":241,""width"":38,""height"":14}","{""body_part"":""neck""}"
135.jpg,122248,"{}",13,6,"{""name"":""rect"",""x"":479,""y"":237,""width"":22,""height"":11}","{""body_part"":""neck""}"
135.jpg,122248,"{}",13,7,"{""name"":""rect"",""x"":415,""y"":236,""width"":28,""height"":20}","{""body_part"":""neck""}"
135.jpg,122248,"{}",13,8,"{""name"":""rect"",""x"":432,""y"":161,""width"":19,""height"":9}","{""body_part"":""neck""}"
135.jpg,122248,"{}",13,9,"{""name"":""rect"",""x"":125,""y"":225,""width"":33,""height"":15}","{""body_part"":""neck""}"
135.jpg,122248,"{}",13,10,"{""name"":""rect"",""x"":68,""y"":244,""width"":26,""height"":17}","{""body_part"":""neck""}"
135.jpg,122248,"{}",13,11,"{""name"":""rect"",""x"":231,""y"":236,""width"":19,""height"":15}","{""body_part"":""neck""}"
135.jpg,122248,"{}",13,12,"{""name"":""rect"",""x"":170,""y"":282,""width"":14,""height"":17}","{""body_part"":""neck""}"
136.jpg,31578,"{}",2,0,"{""name"":""rect"",""x"":221,""y"":91,""width"":51,""height"":22}","{""body_part"":""neck""}"
136.jpg,31578,"{}",2,1,"{""name"":""rect"",""x"":181,""y"":241,""width"":112,""height"":43}","{""body_part"":""stomach""}"
137.jpg,78555,"{}",2,0,"{""name"":""rect"",""x"":147,""y"":182,""width"":119,""height"":44}","{""body_part"":""neck""}"
137.jpg,78555,"{}",2,1,"{""name"":""rect"",""x"":192,""y"":484,""width"":235,""height"":36}","{""body_part"":""stomach""}"
138.jpg,61763,"{}",2,0,"{""name"":""rect"",""x"":198,""y"":133,""width"":81,""height"":55}","{""body_part"":""neck""}"
138.jpg,61763,"{}",2,1,"{""name"":""rect"",""x"":146,""y"":389,""width"":181,""height"":37}","{""body_part"":""stomach""}"
139.jpg,98354,"{}",1,0,"{""name"":""rect"",""x"":136,""y"":472,""width"":178,""height"":41}","{""body_part"":""stomach""}"
140.jpg,72926,"{}",1,0,"{""name"":""rect"",""x"":160,""y"":246,""width"":129,""height"":52}","{""body_part"":""neck""}"
141.jpg,109000,"{}",2,0,"{""name"":""rect"",""x"":109,""y"":122,""width"":63,""height"":25}","{""body_part"":""neck""}"
141.jpg,109000,"{}",2,1,"{""name"":""rect"",""x"":87,""y"":301,""width"":160,""height"":38}","{""body_part"":""stomach""}"
142.jpg,57024,"{}",2,0,"{""name"":""rect"",""x"":205,""y"":320,""width"":245,""height"":63}","{""body_part"":""stomach""}"
142.jpg,57024,"{}",2,1,"{""name"":""rect"",""x"":269,""y"":3,""width"":102,""height"":37}","{""body_part"":""neck""}"
143.jpg,69585,"{}",2,0,"{""name"":""rect"",""x"":172,""y"":2,""width"":167,""height"":95}","{""body_part"":""neck""}"
143.jpg,69585,"{}",2,1,"{""name"":""rect"",""x"":69,""y"":439,""width"":232,""height"":48}","{""body_part"":""stomach""}"
144.jpg,76483,"{}",2,0,"{""name"":""rect"",""x"":382,""y"":135,""width"":69,""height"":37}","{""body_part"":""neck""}"
144.jpg,76483,"{}",2,1,"{""name"":""rect"",""x"":364,""y"":352,""width"":145,""height"":45}","{""body_part"":""stomach""}"
145.jpg,101377,"{}",2,0,"{""name"":""rect"",""x"":191,""y"":81,""width"":45,""height"":44}","{""body_part"":""neck""}"
145.jpg,101377,"{}",2,1,"{""name"":""rect"",""x"":144,""y"":239,""width"":166,""height"":37}","{""body_part"":""stomach""}"
146.jpg,69338,"{}",2,0,"{""name"":""rect"",""x"":192,""y"":208,""width"":90,""height"":46}","{""body_part"":""neck""}"
146.jpg,69338,"{}",2,1,"{""name"":""rect"",""x"":133,""y"":478,""width"":182,""height"":44}","{""body_part"":""stomach""}"
147.jpg,66193,"{}",2,0,"{""name"":""rect"",""x"":202,""y"":187,""width"":67,""height"":36}","{""body_part"":""neck""}"
147.jpg,66193,"{}",2,1,"{""name"":""rect"",""x"":145,""y"":446,""width"":189,""height"":50}","{""body_part"":""stomach""}"
148.jpg,67464,"{}",2,0,"{""name"":""rect"",""x"":352,""y"":168,""width"":36,""height"":14}","{""body_part"":""neck""}"
148.jpg,67464,"{}",2,1,"{""name"":""rect"",""x"":333,""y"":275,""width"":91,""height"":22}","{""body_part"":""stomach""}"
149.jpg,66980,"{}",4,0,"{""name"":""rect"",""x"":146,""y"":66,""width"":53,""height"":32}","{""body_part"":""neck""}"
149.jpg,66980,"{}",4,1,"{""name"":""rect"",""x"":427,""y"":67,""width"":59,""height"":28}","{""body_part"":""neck""}"
149.jpg,66980,"{}",4,2,"{""name"":""rect"",""x"":377,""y"":270,""width"":162,""height"":34}","{""body_part"":""stomach""}"
149.jpg,66980,"{}",4,3,"{""name"":""rect"",""x"":99,""y"":259,""width"":132,""height"":32}","{""body_part"":""stomach""}"
150.jpg,46238,"{}",2,0,"{""name"":""rect"",""x"":207,""y"":141,""width"":68,""height"":31}","{""body_part"":""neck""}"
150.jpg,46238,"{}",2,1,"{""name"":""rect"",""x"":159,""y"":349,""width"":173,""height"":44}","{""body_part"":""stomach""}"
151.jpg,47715,"{}",2,0,"{""name"":""rect"",""x"":291,""y"":339,""width"":102,""height"":22}","{""body_part"":""stomach""}"
151.jpg,47715,"{}",2,1,"{""name"":""rect"",""x"":307,""y"":193,""width"":23,""height"":32}","{""body_part"":""neck""}"
152.jpg,69263,"{}",2,0,"{""name"":""rect"",""x"":196,""y"":169,""width"":59,""height"":25}","{""body_part"":""neck""}"
152.jpg,69263,"{}",2,1,"{""name"":""rect"",""x"":124,""y"":388,""width"":205,""height"":48}","{""body_part"":""stomach""}"
153.jpg,135763,"{}",2,0,"{""name"":""rect"",""x"":195,""y"":167,""width"":62,""height"":30}","{""body_part"":""neck""}"
153.jpg,135763,"{}",2,1,"{""name"":""rect"",""x"":170,""y"":343,""width"":145,""height"":35}","{""body_part"":""stomach""}"
154.jpg,64341,"{}",4,0,"{""name"":""rect"",""x"":151,""y"":141,""width"":59,""height"":28}","{""body_part"":""neck""}"
154.jpg,64341,"{}",4,1,"{""name"":""rect"",""x"":125,""y"":323,""width"":124,""height"":30}","{""body_part"":""stomach""}"
154.jpg,64341,"{}",4,2,"{""name"":""rect"",""x"":384,""y"":313,""width"":119,""height"":34}","{""body_part"":""stomach""}"
154.jpg,64341,"{}",4,3,"{""name"":""rect"",""x"":410,""y"":143,""width"":61,""height"":27}","{""body_part"":""neck""}"
155.jpg,31120,"{}",1,0,"{""name"":""rect"",""x"":95,""y"":304,""width"":159,""height"":39}","{""body_part"":""stomach""}"
156.jpg,80238,"{}",2,0,"{""name"":""rect"",""x"":247,""y"":73,""width"":43,""height"":21}","{""body_part"":""neck""}"
156.jpg,80238,"{}",2,1,"{""name"":""rect"",""x"":204,""y"":192,""width"":100,""height"":33}","{""body_part"":""stomach""}"
157.jpg,108016,"{}",1,0,"{""name"":""rect"",""x"":101,""y"":466,""width"":230,""height"":61}","{""body_part"":""stomach""}"
158.jpg,51146,"{}",2,0,"{""name"":""rect"",""x"":368,""y"":304,""width"":174,""height"":37}","{""body_part"":""stomach""}"
158.jpg,51146,"{}",2,1,"{""name"":""rect"",""x"":374,""y"":164,""width"":72,""height"":30}","{""body_part"":""neck""}"
159.jpg,58697,"{}",10,0,"{""name"":""rect"",""x"":178,""y"":176,""width"":36,""height"":18}","{""body_part"":""neck""}"
159.jpg,58697,"{}",10,1,"{""name"":""rect"",""x"":312,""y"":162,""width"":38,""height"":20}","{""body_part"":""neck""}"
159.jpg,58697,"{}",10,2,"{""name"":""rect"",""x"":569,""y"":179,""width"":25,""height"":21}","{""body_part"":""neck""}"
159.jpg,58697,"{}",10,3,"{""name"":""rect"",""x"":436,""y"":190,""width"":38,""height"":25}","{""body_part"":""neck""}"
159.jpg,58697,"{}",10,4,"{""name"":""rect"",""x"":59,""y"":168,""width"":29,""height"":17}","{""body_part"":""neck""}"
159.jpg,58697,"{}",10,5,"{""name"":""rect"",""x"":46,""y"":240,""width"":65,""height"":22}","{""body_part"":""stomach""}"
159.jpg,58697,"{}",10,6,"{""name"":""rect"",""x"":298,""y"":239,""width"":71,""height"":17}","{""body_part"":""stomach""}"
159.jpg,58697,"{}",10,7,"{""name"":""rect"",""x"":552,""y"":253,""width"":66,""height"":17}","{""body_part"":""stomach""}"
159.jpg,58697,"{}",10,8,"{""name"":""rect"",""x"":412,""y"":293,""width"":101,""height"":23}","{""body_part"":""stomach""}"
159.jpg,58697,"{}",10,9,"{""name"":""rect"",""x"":157,""y"":273,""width"":82,""height"":26}","{""body_part"":""stomach""}"
160.jpg,45478,"{}",2,0,"{""name"":""rect"",""x"":198,""y"":134,""width"":80,""height"":36}","{""body_part"":""neck""}"
160.jpg,45478,"{}",2,1,"{""name"":""rect"",""x"":149,""y"":370,""width"":180,""height"":48}","{""body_part"":""stomach""}"
161.jpg,90304,"{}",2,0,"{""name"":""rect"",""x"":189,""y"":205,""width"":96,""height"":36}","{""body_part"":""neck""}"
161.jpg,90304,"{}",2,1,"{""name"":""rect"",""x"":132,""y"":431,""width"":237,""height"":72}","{""body_part"":""stomach""}"
162.jpg,65032,"{}",2,0,"{""name"":""rect"",""x"":237,""y"":159,""width"":68,""height"":37}","{""body_part"":""neck""}"
162.jpg,65032,"{}",2,1,"{""name"":""rect"",""x"":170,""y"":339,""width"":160,""height"":44}","{""body_part"":""stomach""}"
163.jpg,66559,"{}",2,0,"{""name"":""rect"",""x"":163,""y"":208,""width"":132,""height"":49}","{""body_part"":""neck""}"
163.jpg,66559,"{}",2,1,"{""name"":""rect"",""x"":125,""y"":480,""width"":260,""height"":76}","{""body_part"":""stomach""}"
164.jpg,49552,"{}",2,0,"{""name"":""rect"",""x"":170,""y"":190,""width"":116,""height"":60}","{""body_part"":""neck""}"
164.jpg,49552,"{}",2,1,"{""name"":""rect"",""x"":139,""y"":519,""width"":219,""height"":61}","{""body_part"":""stomach""}"
165.jpg,70948,"{}",2,0,"{""name"":""rect"",""x"":117,""y"":479,""width"":268,""height"":70}","{""body_part"":""stomach""}"
165.jpg,70948,"{}",2,1,"{""name"":""rect"",""x"":190,""y"":240,""width"":109,""height"":49}","{""body_part"":""neck""}"
166.jpg,54282,"{}",1,0,"{""name"":""rect"",""x"":135,""y"":474,""width"":204,""height"":55}","{""body_part"":""stomach""}"
167.jpg,67308,"{}",1,0,"{""name"":""rect"",""x"":155,""y"":381,""width"":162,""height"":42}","{""body_part"":""stomach""}"
168.jpg,75478,"{}",2,0,"{""name"":""rect"",""x"":143,""y"":452,""width"":190,""height"":63}","{""body_part"":""stomach""}"
168.jpg,75478,"{}",2,1,"{""name"":""rect"",""x"":232,""y"":203,""width"":109,""height"":34}","{""body_part"":""neck""}"
169.jpg,100232,"{}",3,0,"{""name"":""rect"",""x"":346,""y"":132,""width"":61,""height"":36}","{""body_part"":""neck""}"
169.jpg,100232,"{}",3,1,"{""name"":""rect"",""x"":312,""y"":333,""width"":126,""height"":46}","{""body_part"":""stomach""}"
169.jpg,100232,"{}",3,2,"{""name"":""rect"",""x"":61,""y"":332,""width"":151,""height"":48}","{""body_part"":""stomach""}"
170.jpg,96560,"{}",2,0,"{""name"":""rect"",""x"":440,""y"":119,""width"":73,""height"":38}","{""body_part"":""neck""}"
170.jpg,96560,"{}",2,1,"{""name"":""rect"",""x"":387,""y"":352,""width"":134,""height"":49}","{""body_part"":""stomach""}"
171.jpg,57717,"{}",2,0,"{""name"":""rect"",""x"":118,""y"":447,""width"":248,""height"":50}","{""body_part"":""stomach""}"
171.jpg,57717,"{}",2,1,"{""name"":""rect"",""x"":205,""y"":171,""width"":82,""height"":46}","{""body_part"":""neck""}"
172.jpg,38122,"{}",2,0,"{""name"":""rect"",""x"":346,""y"":153,""width"":81,""height"":40}","{""body_part"":""neck""}"
172.jpg,38122,"{}",2,1,"{""name"":""rect"",""x"":318,""y"":371,""width"":205,""height"":39}","{""body_part"":""stomach""}"
173.jpg,75434,"{}",2,0,"{""name"":""rect"",""x"":290,""y"":184,""width"":83,""height"":45}","{""body_part"":""neck""}"
173.jpg,75434,"{}",2,1,"{""name"":""rect"",""x"":181,""y"":376,""width"":244,""height"":47}","{""body_part"":""stomach""}"
174.jpg,130240,"{}",4,0,"{""name"":""rect"",""x"":460,""y"":112,""width"":57,""height"":25}","{""body_part"":""neck""}"
174.jpg,130240,"{}",4,1,"{""name"":""rect"",""x"":130,""y"":104,""width"":58,""height"":30}","{""body_part"":""neck""}"
174.jpg,130240,"{}",4,2,"{""name"":""rect"",""x"":436,""y"":251,""width"":105,""height"":30}","{""body_part"":""stomach""}"
174.jpg,130240,"{}",4,3,"{""name"":""rect"",""x"":100,""y"":257,""width"":117,""height"":28}","{""body_part"":""stomach""}"
175.jpg,55652,"{}",2,0,"{""name"":""rect"",""x"":233,""y"":259,""width"":167,""height"":40}","{""body_part"":""stomach""}"
175.jpg,55652,"{}",2,1,"{""name"":""rect"",""x"":299,""y"":122,""width"":62,""height"":28}","{""body_part"":""neck""}"
176.jpg,60981,"{}",2,0,"{""name"":""rect"",""x"":204,""y"":155,""width"":79,""height"":36}","{""body_part"":""neck""}"
176.jpg,60981,"{}",2,1,"{""name"":""rect"",""x"":136,""y"":425,""width"":184,""height"":52}","{""body_part"":""stomach""}"
177.jpg,93008,"{}",2,0,"{""name"":""rect"",""x"":270,""y"":183,""width"":55,""height"":38}","{""body_part"":""neck""}"
177.jpg,93008,"{}",2,1,"{""name"":""rect"",""x"":170,""y"":388,""width"":206,""height"":59}","{""body_part"":""stomach""}"
178.jpg,53481,"{}",2,0,"{""name"":""rect"",""x"":226,""y"":165,""width"":75,""height"":42}","{""body_part"":""neck""}"
178.jpg,53481,"{}",2,1,"{""name"":""rect"",""x"":156,""y"":385,""width"":204,""height"":49}","{""body_part"":""stomach""}"
179.jpg,74157,"{}",4,0,"{""name"":""rect"",""x"":434,""y"":156,""width"":66,""height"":35}","{""body_part"":""neck""}"
179.jpg,74157,"{}",4,1,"{""name"":""rect"",""x"":402,""y"":325,""width"":120,""height"":37}","{""body_part"":""stomach""}"
179.jpg,74157,"{}",4,2,"{""name"":""rect"",""x"":119,""y"":133,""width"":71,""height"":27}","{""body_part"":""neck""}"
179.jpg,74157,"{}",4,3,"{""name"":""rect"",""x"":84,""y"":329,""width"":165,""height"":38}","{""body_part"":""stomach""}"
180.jpg,100822,"{}",4,0,"{""name"":""rect"",""x"":144,""y"":131,""width"":68,""height"":28}","{""body_part"":""neck""}"
180.jpg,100822,"{}",4,1,"{""name"":""rect"",""x"":297,""y"":114,""width"":45,""height"":26}","{""body_part"":""neck""}"
180.jpg,100822,"{}",4,2,"{""name"":""rect"",""x"":266,""y"":249,""width"":120,""height"":32}","{""body_part"":""stomach""}"
180.jpg,100822,"{}",4,3,"{""name"":""rect"",""x"":100,""y"":286,""width"":147,""height"":39}","{""body_part"":""stomach""}"
181.jpg,109000,"{}",2,0,"{""name"":""rect"",""x"":104,""y"":123,""width"":68,""height"":28}","{""body_part"":""neck""}"
181.jpg,109000,"{}",2,1,"{""name"":""rect"",""x"":83,""y"":304,""width"":164,""height"":36}","{""body_part"":""stomach""}"
182.jpg,73976,"{}",2,0,"{""name"":""rect"",""x"":122,""y"":425,""width"":246,""height"":51}","{""body_part"":""stomach""}"
182.jpg,73976,"{}",2,1,"{""name"":""rect"",""x"":203,""y"":172,""width"":106,""height"":36}","{""body_part"":""neck""}"
183.jpg,92320,"{}",2,0,"{""name"":""rect"",""x"":56,""y"":482,""width"":340,""height"":75}","{""body_part"":""stomach""}"
183.jpg,92320,"{}",2,1,"{""name"":""rect"",""x"":124,""y"":198,""width"":118,""height"":37}","{""body_part"":""neck""}"
184.jpg,93917,"{}",2,0,"{""name"":""rect"",""x"":288,""y"":96,""width"":53,""height"":33}","{""body_part"":""neck""}"
184.jpg,93917,"{}",2,1,"{""name"":""rect"",""x"":256,""y"":270,""width"":114,""height"":30}","{""body_part"":""stomach""}"
185.jpg,50424,"{}",1,0,"{""name"":""rect"",""x"":275,""y"":146,""width"":50,""height"":34}","{""body_part"":""neck""}"
186.jpg,54321,"{}",2,0,"{""name"":""rect"",""x"":283,""y"":166,""width"":58,""height"":29}","{""body_part"":""neck""}"
186.jpg,54321,"{}",2,1,"{""name"":""rect"",""x"":243,""y"":308,""width"":132,""height"":23}","{""body_part"":""stomach""}"
187.jpg,57728,"{}",2,0,"{""name"":""rect"",""x"":193,""y"":213,""width"":96,""height"":47}","{""body_part"":""neck""}"
187.jpg,57728,"{}",2,1,"{""name"":""rect"",""x"":118,""y"":489,""width"":219,""height"":63}","{""body_part"":""stomach""}"
188.jpg,48228,"{}",2,0,"{""name"":""rect"",""x"":253,""y"":42,""width"":99,""height"":60}","{""body_part"":""neck""}"
188.jpg,48228,"{}",2,1,"{""name"":""rect"",""x"":207,""y"":321,""width"":203,""height"":52}","{""body_part"":""stomach""}"
189.jpg,54395,"{}",2,0,"{""name"":""rect"",""x"":189,""y"":194,""width"":97,""height"":58}","{""body_part"":""neck""}"
189.jpg,54395,"{}",2,1,"{""name"":""rect"",""x"":102,""y"":574,""width"":249,""height"":58}","{""body_part"":""stomach""}"
190.jpg,116350,"{}",2,0,"{""name"":""rect"",""x"":233,""y"":199,""width"":98,""height"":76}","{""body_part"":""neck""}"
190.jpg,116350,"{}",2,1,"{""name"":""rect"",""x"":120,""y"":536,""width"":227,""height"":55}","{""body_part"":""stomach""}"
191.jpg,57373,"{}",1,0,"{""name"":""rect"",""x"":253,""y"":73,""width"":108,""height"":71}","{""body_part"":""neck""}"
192.jpg,69530,"{}",2,0,"{""name"":""rect"",""x"":157,""y"":138,""width"":106,""height"":56}","{""body_part"":""neck""}"
192.jpg,69530,"{}",2,1,"{""name"":""rect"",""x"":85,""y"":503,""width"":223,""height"":68}","{""body_part"":""stomach""}"
193.jpg,60931,"{}",2,0,"{""name"":""rect"",""x"":193,""y"":196,""width"":123,""height"":57}","{""body_part"":""neck""}"
193.jpg,60931,"{}",2,1,"{""name"":""rect"",""x"":131,""y"":550,""width"":246,""height"":67}","{""body_part"":""stomach""}"
194.jpg,80522,"{}",2,0,"{""name"":""rect"",""x"":114,""y"":210,""width"":97,""height"":51}","{""body_part"":""neck""}"
194.jpg,80522,"{}",2,1,"{""name"":""rect"",""x"":29,""y"":586,""width"":206,""height"":35}","{""body_part"":""stomach""}"
195.jpg,63203,"{}",2,0,"{""name"":""rect"",""x"":248,""y"":161,""width"":82,""height"":38}","{""body_part"":""neck""}"
195.jpg,63203,"{}",2,1,"{""name"":""rect"",""x"":176,""y"":392,""width"":144,""height"":44}","{""body_part"":""stomach""}"
196.jpg,86826,"{}",2,0,"{""name"":""rect"",""x"":201,""y"":168,""width"":81,""height"":54}","{""body_part"":""neck""}"
196.jpg,86826,"{}",2,1,"{""name"":""rect"",""x"":115,""y"":426,""width"":190,""height"":32}","{""body_part"":""stomach""}"
197.jpg,90756,"{}",1,0,"{""name"":""rect"",""x"":256,""y"":296,""width"":98,""height"":63}","{""body_part"":""neck""}"
198.jpg,68390,"{}",2,0,"{""name"":""rect"",""x"":194,""y"":207,""width"":64,""height"":35}","{""body_part"":""neck""}"
198.jpg,68390,"{}",2,1,"{""name"":""rect"",""x"":179,""y"":388,""width"":122,""height"":32}","{""body_part"":""stomach""}"
199.jpg,99004,"{}",1,0,"{""name"":""rect"",""x"":99,""y"":341,""width"":132,""height"":49}","{""body_part"":""stomach""}"
200.jpg,83907,"{}",2,0,"{""name"":""rect"",""x"":139,""y"":165,""width"":59,""height"":46}","{""body_part"":""neck""}"
200.jpg,83907,"{}",2,1,"{""name"":""rect"",""x"":84,""y"":394,""width"":150,""height"":38}","{""body_part"":""stomach""}"
201.jpg,60010,"{}",2,0,"{""name"":""rect"",""x"":275,""y"":153,""width"":81,""height"":43}","{""body_part"":""neck""}"
201.jpg,60010,"{}",2,1,"{""name"":""rect"",""x"":235,""y"":384,""width"":147,""height"":34}","{""body_part"":""stomach""}"
202.jpg,119500,"{}",2,0,"{""name"":""rect"",""x"":213,""y"":218,""width"":91,""height"":53}","{""body_part"":""neck""}"
202.jpg,119500,"{}",2,1,"{""name"":""rect"",""x"":100,""y"":472,""width"":176,""height"":64}","{""body_part"":""stomach""}"
203.jpg,63680,"{}",2,0,"{""name"":""rect"",""x"":268,""y"":244,""width"":102,""height"":64}","{""body_part"":""neck""}"
203.jpg,63680,"{}",2,1,"{""name"":""rect"",""x"":55,""y"":521,""width"":245,""height"":72}","{""body_part"":""stomach""}"
204.jpg,44986,"{}",2,0,"{""name"":""rect"",""x"":197,""y"":153,""width"":74,""height"":45}","{""body_part"":""neck""}"
204.jpg,44986,"{}",2,1,"{""name"":""rect"",""x"":154,""y"":406,""width"":166,""height"":41}","{""body_part"":""stomach""}"
205.jpg,82432,"{}",2,0,"{""name"":""rect"",""x"":112,""y"":163,""width"":75,""height"":37}","{""body_part"":""neck""}"
205.jpg,82432,"{}",2,1,"{""name"":""rect"",""x"":81,""y"":391,""width"":160,""height"":30}","{""body_part"":""stomach""}"
206.jpg,71530,"{}",2,0,"{""name"":""rect"",""x"":217,""y"":169,""width"":79,""height"":39}","{""body_part"":""neck""}"
206.jpg,71530,"{}",2,1,"{""name"":""rect"",""x"":170,""y"":381,""width"":164,""height"":44}","{""body_part"":""stomach""}"
207.jpg,57527,"{}",2,0,"{""name"":""rect"",""x"":233,""y"":367,""width"":179,""height"":45}","{""body_part"":""stomach""}"
207.jpg,57527,"{}",2,1,"{""name"":""rect"",""x"":271,""y"":119,""width"":82,""height"":49}","{""body_part"":""neck""}"
208.jpg,87128,"{}",2,0,"{""name"":""rect"",""x"":167,""y"":175,""width"":57,""height"":37}","{""body_part"":""neck""}"
208.jpg,87128,"{}",2,1,"{""name"":""rect"",""x"":138,""y"":347,""width"":124,""height"":28}","{""body_part"":""stomach""}"
209.jpg,77606,"{}",2,0,"{""name"":""rect"",""x"":105,""y"":156,""width"":90,""height"":59}","{""body_part"":""neck""}"
209.jpg,77606,"{}",2,1,"{""name"":""rect"",""x"":151,""y"":393,""width"":186,""height"":43}","{""body_part"":""stomach""}"
210.jpg,78305,"{}",2,0,"{""name"":""rect"",""x"":202,""y"":144,""width"":104,""height"":48}","{""body_part"":""neck""}"
210.jpg,78305,"{}",2,1,"{""name"":""rect"",""x"":137,""y"":405,""width"":187,""height"":57}","{""body_part"":""stomach""}"
211.jpg,72123,"{}",2,0,"{""name"":""rect"",""x"":181,""y"":180,""width"":75,""height"":46}","{""body_part"":""neck""}"
211.jpg,72123,"{}",2,1,"{""name"":""rect"",""x"":146,""y"":411,""width"":148,""height"":41}","{""body_part"":""stomach""}"
212.jpg,66462,"{}",2,0,"{""name"":""rect"",""x"":256,""y"":275,""width"":53,""height"":37}","{""body_part"":""neck""}"
212.jpg,66462,"{}",2,1,"{""name"":""rect"",""x"":222,""y"":451,""width"":132,""height"":31}","{""body_part"":""stomach""}"
213.jpg,111388,"{}",2,0,"{""name"":""rect"",""x"":253,""y"":99,""width"":60,""height"":29}","{""body_part"":""neck""}"
213.jpg,111388,"{}",2,1,"{""name"":""rect"",""x"":208,""y"":280,""width"":136,""height"":39}","{""body_part"":""stomach""}"
214.jpg,75664,"{}",2,0,"{""name"":""rect"",""x"":154,""y"":159,""width"":80,""height"":55}","{""body_part"":""neck""}"
214.jpg,75664,"{}",2,1,"{""name"":""rect"",""x"":144,""y"":442,""width"":168,""height"":48}","{""body_part"":""stomach""}"
215.jpg,71973,"{}",2,0,"{""name"":""rect"",""x"":232,""y"":194,""width"":75,""height"":42}","{""body_part"":""neck""}"
215.jpg,71973,"{}",2,1,"{""name"":""rect"",""x"":184,""y"":425,""width"":170,""height"":38}","{""body_part"":""stomach""}"
216.jpg,79298,"{}",4,0,"{""name"":""rect"",""x"":129,""y"":135,""width"":85,""height"":43}","{""body_part"":""neck""}"
216.jpg,79298,"{}",4,1,"{""name"":""rect"",""x"":441,""y"":140,""width"":64,""height"":40}","{""body_part"":""neck""}"
216.jpg,79298,"{}",4,2,"{""name"":""rect"",""x"":391,""y"":377,""width"":130,""height"":43}","{""body_part"":""stomach""}"
216.jpg,79298,"{}",4,3,"{""name"":""rect"",""x"":98,""y"":376,""width"":134,""height"":46}","{""body_part"":""stomach""}"
217.jpg,92393,"{}",2,0,"{""name"":""rect"",""x"":124,""y"":442,""width"":138,""height"":56}","{""body_part"":""stomach""}"
217.jpg,92393,"{}",2,1,"{""name"":""rect"",""x"":154,""y"":228,""width"":70,""height"":32}","{""body_part"":""neck""}"
218.jpg,116608,"{}",2,0,"{""name"":""rect"",""x"":171,""y"":147,""width"":47,""height"":24}","{""body_part"":""neck""}"
218.jpg,116608,"{}",2,1,"{""name"":""rect"",""x"":151,""y"":298,""width"":124,""height"":35}","{""body_part"":""stomach""}"
219.jpg,102173,"{}",2,0,"{""name"":""rect"",""x"":169,""y"":139,""width"":81,""height"":50}","{""body_part"":""neck""}"
219.jpg,102173,"{}",2,1,"{""name"":""rect"",""x"":123,""y"":412,""width"":213,""height"":53}","{""body_part"":""stomach""}"
220.jpg,78209,"{}",2,0,"{""name"":""rect"",""x"":198,""y"":170,""width"":87,""height"":52}","{""body_part"":""neck""}"
220.jpg,78209,"{}",2,1,"{""name"":""rect"",""x"":157,""y"":445,""width"":197,""height"":71}","{""body_part"":""stomach""}"
221.jpg,72746,"{}",2,0,"{""name"":""rect"",""x"":185,""y"":152,""width"":65,""height"":54}","{""body_part"":""neck""}"
221.jpg,72746,"{}",2,1,"{""name"":""rect"",""x"":127,""y"":412,""width"":157,""height"":57}","{""body_part"":""stomach""}"
222.jpg,43013,"{}",2,0,"{""name"":""rect"",""x"":192,""y"":234,""width"":87,""height"":46}","{""body_part"":""neck""}"
222.jpg,43013,"{}",2,1,"{""name"":""rect"",""x"":134,""y"":558,""width"":219,""height"":40}","{""body_part"":""stomach""}"
223.jpg,47362,"{}",2,0,"{""name"":""rect"",""x"":319,""y"":129,""width"":49,""height"":33}","{""body_part"":""neck""}"
223.jpg,47362,"{}",2,1,"{""name"":""rect"",""x"":277,""y"":257,""width"":110,""height"":46}","{""body_part"":""stomach""}"
224.jpg,73540,"{}",2,0,"{""name"":""rect"",""x"":162,""y"":207,""width"":108,""height"":58}","{""body_part"":""neck""}"
224.jpg,73540,"{}",2,1,"{""name"":""rect"",""x"":153,""y"":509,""width"":158,""height"":66}","{""body_part"":""stomach""}"
225.jpg,105362,"{}",2,0,"{""name"":""rect"",""x"":238,""y"":98,""width"":43,""height"":36}","{""body_part"":""neck""}"
225.jpg,105362,"{}",2,1,"{""name"":""rect"",""x"":188,""y"":253,""width"":111,""height"":35}","{""body_part"":""stomach""}"
226.jpg,58886,"{}",2,0,"{""name"":""rect"",""x"":96,""y"":146,""width"":73,""height"":36}","{""body_part"":""neck""}"
226.jpg,58886,"{}",2,1,"{""name"":""rect"",""x"":60,""y"":367,""width"":166,""height"":42}","{""body_part"":""stomach""}"
227.jpg,30165,"{}",2,0,"{""name"":""rect"",""x"":257,""y"":131,""width"":42,""height"":28}","{""body_part"":""neck""}"
227.jpg,30165,"{}",2,1,"{""name"":""rect"",""x"":268,""y"":283,""width"":82,""height"":29}","{""body_part"":""stomach""}"
228.jpg,68383,"{}",2,0,"{""name"":""rect"",""x"":176,""y"":118,""width"":80,""height"":53}","{""body_part"":""neck""}"
228.jpg,68383,"{}",2,1,"{""name"":""rect"",""x"":127,""y"":410,""width"":189,""height"":72}","{""body_part"":""stomach""}"
229.jpg,80144,"{}",2,0,"{""name"":""rect"",""x"":150,""y"":255,""width"":80,""height"":43}","{""body_part"":""neck""}"
229.jpg,80144,"{}",2,1,"{""name"":""rect"",""x"":152,""y"":480,""width"":127,""height"":48}","{""body_part"":""stomach""}"
230.jpg,70010,"{}",2,0,"{""name"":""rect"",""x"":360,""y"":171,""width"":51,""height"":36}","{""body_part"":""neck""}"
230.jpg,70010,"{}",2,1,"{""name"":""rect"",""x"":327,""y"":346,""width"":126,""height"":45}","{""body_part"":""stomach""}"
231.jpg,60827,"{}",2,0,"{""name"":""rect"",""x"":201,""y"":190,""width"":108,""height"":49}","{""body_part"":""neck""}"
231.jpg,60827,"{}",2,1,"{""name"":""rect"",""x"":123,""y"":500,""width"":216,""height"":69}","{""body_part"":""stomach""}"
232.jpg,155355,"{}",2,0,"{""name"":""rect"",""x"":287,""y"":120,""width"":45,""height"":25}","{""body_part"":""neck""}"
232.jpg,155355,"{}",2,1,"{""name"":""rect"",""x"":244,""y"":221,""width"":122,""height"":38}","{""body_part"":""stomach""}"
233.jpg,64641,"{}",2,0,"{""name"":""rect"",""x"":286,""y"":67,""width"":86,""height"":37}","{""body_part"":""neck""}"
233.jpg,64641,"{}",2,1,"{""name"":""rect"",""x"":248,""y"":278,""width"":170,""height"":58}","{""body_part"":""stomach""}"
234.jpg,50626,"{}",2,0,"{""name"":""rect"",""x"":383,""y"":52,""width"":59,""height"":40}","{""body_part"":""neck""}"
234.jpg,50626,"{}",2,1,"{""name"":""rect"",""x"":331,""y"":246,""width"":131,""height"":49}","{""body_part"":""stomach""}"
235.jpg,59439,"{}",2,0,"{""name"":""rect"",""x"":340,""y"":47,""width"":68,""height"":37}","{""body_part"":""neck""}"
235.jpg,59439,"{}",2,1,"{""name"":""rect"",""x"":285,""y"":274,""width"":165,""height"":57}","{""body_part"":""stomach""}"
236.jpg,58676,"{}",2,0,"{""name"":""rect"",""x"":123,""y"":135,""width"":98,""height"":46}","{""body_part"":""neck""}"
236.jpg,58676,"{}",2,1,"{""name"":""rect"",""x"":78,""y"":469,""width"":254,""height"":72}","{""body_part"":""stomach""}"
237.jpg,68500,"{}",2,0,"{""name"":""rect"",""x"":109,""y"":17,""width"":213,""height"":68}","{""body_part"":""neck""}"
237.jpg,68500,"{}",2,1,"{""name"":""rect"",""x"":99,""y"":468,""width"":359,""height"":112}","{""body_part"":""stomach""}"
238.jpg,63089,"{}",2,0,"{""name"":""rect"",""x"":219,""y"":146,""width"":65,""height"":53}","{""body_part"":""neck""}"
238.jpg,63089,"{}",2,1,"{""name"":""rect"",""x"":201,""y"":421,""width"":136,""height"":47}","{""body_part"":""stomach""}"
239.jpg,64329,"{}",2,0,"{""name"":""rect"",""x"":152,""y"":7,""width"":118,""height"":107}","{""body_part"":""neck""}"
239.jpg,64329,"{}",2,1,"{""name"":""rect"",""x"":40,""y"":421,""width"":292,""height"":100}","{""body_part"":""stomach""}"